Time,AirTemp,Humidity,Pressure,Rainfall,TrackTemp,WindDirection,WindSpeed,Round,EventName,Time_Seconds
-1 days +23:01:20.088000,23.1,55.8,1013.7,False,36.2,114,1.8,1,Australian Grand Prix,-3519.912
-1 days +23:02:20.104000,23.2,55.1,1013.6,False,35.9,110,3.0,1,Australian Grand Prix,-3459.896
-1 days +23:03:20.105000,23.2,55.2,1013.6,False,35.6,115,3.2,1,Australian Grand Prix,-3399.895
-1 days +23:04:20.107000,23.1,55.7,1013.7,False,35.7,104,3.4,1,Australian Grand Prix,-3339.893
-1 days +23:05:20.140000,23.1,55.8,1013.8,False,35.8,108,3.1,1,Australian Grand Prix,-3279.86
-1 days +23:06:20.153000,23.2,55.5,1013.7,False,35.7,109,3.4,1,Australian Grand Prix,-3219.847
-1 days +23:07:20.154000,23.2,55.7,1013.6,False,35.5,128,1.7,1,Australian Grand Prix,-3159.846
-1 days +23:08:20.144000,23.1,56.6,1013.7,False,35.7,106,2.1,1,Australian Grand Prix,-3099.856
-1 days +23:09:20.159000,23.1,57.0,1013.7,False,35.4,118,3.1,1,Australian Grand Prix,-3039.841
-1 days +23:10:20.160000,23.2,55.9,1013.5,False,35.6,154,2.4,1,Australian Grand Prix,-2979.84
-1 days +23:11:20.174000,23.1,56.6,1013.6,False,36.0,124,1.3,1,Australian Grand Prix,-2919.826
-1 days +23:12:20.191000,23.2,56.1,1013.6,False,36.3,98,1.6,1,Australian Grand Prix,-2859.809
-1 days +23:13:20.177000,23.1,56.1,1013.6,False,36.7,127,2.3,1,Australian Grand Prix,-2799.823
-1 days +23:14:20.191000,23.1,56.1,1013.5,False,36.3,109,3.2,1,Australian Grand Prix,-2739.809
-1 days +23:15:20.197000,23.1,56.1,1013.5,False,36.3,132,2.2,1,Australian Grand Prix,-2679.803
-1 days +23:16:20.177000,23.1,55.9,1013.5,False,35.6,131,3.8,1,Australian Grand Prix,-2619.823
-1 days +23:17:20.193000,23.1,56.0,1013.5,False,35.6,133,2.1,1,Australian Grand Prix,-2559.807
-1 days +23:18:20.185000,23.1,56.3,1013.5,False,35.6,110,2.3,1,Australian Grand Prix,-2499.815
-1 days +23:19:20.196000,23.1,56.5,1013.3,False,35.7,118,1.5,1,Australian Grand Prix,-2439.804
-1 days +23:20:20.180000,23.2,56.0,1013.4,False,35.6,95,0.9,1,Australian Grand Prix,-2379.82
-1 days +23:21:20.182000,23.2,56.4,1013.3,False,35.5,110,2.3,1,Australian Grand Prix,-2319.818
-1 days +23:22:20.199000,23.2,56.5,1013.3,False,35.5,109,2.4,1,Australian Grand Prix,-2259.801
-1 days +23:23:20.199000,23.3,56.0,1013.3,False,35.8,108,3.7,1,Australian Grand Prix,-2199.801
-1 days +23:24:20.220000,23.3,55.1,1013.3,False,34.9,130,3.8,1,Australian Grand Prix,-2139.78
-1 days +23:25:20.214000,23.2,55.6,1013.3,False,34.9,137,0.8,1,Australian Grand Prix,-2079.786
-1 days +23:26:20.234000,23.2,55.8,1013.3,False,34.7,114,1.9,1,Australian Grand Prix,-2019.766
-1 days +23:27:20.237000,23.3,56.4,1013.2,False,33.3,126,2.2,1,Australian Grand Prix,-1959.763
-1 days +23:28:20.251000,23.4,55.7,1013.2,False,34.6,125,2.8,1,Australian Grand Prix,-1899.749
-1 days +23:29:20.249000,23.5,55.1,1013.3,False,33.4,124,2.3,1,Australian Grand Prix,-1839.751
-1 days +23:30:20.235000,23.5,55.6,1013.3,False,34.3,126,2.3,1,Australian Grand Prix,-1779.765
-1 days +23:31:20.235000,23.4,55.8,1013.2,False,33.5,130,1.9,1,Australian Grand Prix,-1719.765
-1 days +23:32:20.254000,23.4,55.5,1013.3,False,35.3,0,0.0,1,Australian Grand Prix,-1659.746
-1 days +23:33:20.252000,23.4,55.6,1013.2,False,35.9,212,0.6,1,Australian Grand Prix,-1599.748
-1 days +23:34:20.258000,23.4,55.5,1013.3,False,35.5,113,1.1,1,Australian Grand Prix,-1539.742
-1 days +23:35:20.270000,23.4,55.5,1013.3,False,35.5,101,3.7,1,Australian Grand Prix,-1479.73
-1 days +23:36:20.300000,23.4,55.0,1013.3,False,35.5,192,2.1,1,Australian Grand Prix,-1419.7
-1 days +23:37:20.302000,23.4,56.0,1013.3,False,35.8,90,2.4,1,Australian Grand Prix,-1359.698
-1 days +23:38:20.302000,23.4,56.0,1013.3,False,35.8,90,2.4,1,Australian Grand Prix,-1299.698
-1 days +23:39:20.297000,23.4,55.2,1013.2,False,35.3,124,1.6,1,Australian Grand Prix,-1239.703
-1 days +23:40:20.306000,23.4,55.8,1013.2,False,35.6,128,1.0,1,Australian Grand Prix,-1179.694
-1 days +23:41:20.303000,23.4,55.9,1013.2,False,35.2,154,1.8,1,Australian Grand Prix,-1119.697
-1 days +23:42:20.305000001,23.4,55.2,1013.1,False,35.4,125,2.3,1,Australian Grand Prix,-1059.694999999
-1 days +23:43:20.306000,23.4,55.4,1013.2,False,35.2,125,3.9,1,Australian Grand Prix,-999.694
-1 days +23:44:20.293000,23.5,55.1,1013.1,False,35.0,121,2.3,1,Australian Grand Prix,-939.707
-1 days +23:45:20.291000,23.5,55.7,1013.1,False,35.9,123,2.3,1,Australian Grand Prix,-879.709
-1 days +23:46:20.297000,23.7,55.5,1013.1,False,37.1,124,1.5,1,Australian Grand Prix,-819.703
-1 days +23:47:20.324000,23.7,54.5,1013.1,False,37.6,100,2.7,1,Australian Grand Prix,-759.676
-1 days +23:48:20.326000,23.8,54.3,1013.1,False,39.1,117,2.0,1,Australian Grand Prix,-699.674
-1 days +23:49:20.326000,23.9,54.3,1013.0,False,39.1,116,2.4,1,Australian Grand Prix,-639.674
-1 days +23:50:20.330000,23.9,54.3,1013.1,False,38.9,120,2.6,1,Australian Grand Prix,-579.67
-1 days +23:51:20.330000001,23.9,55.1,1013.0,False,38.0,99,1.8,1,Australian Grand Prix,-519.669999999
-1 days +23:52:20.343000,23.9,54.9,1012.9,False,37.8,103,1.1,1,Australian Grand Prix,-459.657
-1 days +23:53:20.342000,24.0,55.1,1013.0,False,37.2,137,3.7,1,Australian Grand Prix,-399.658
-1 days +23:54:20.342000,24.0,54.0,1013.0,False,37.0,95,1.2,1,Australian Grand Prix,-339.658
-1 days +23:55:20.347000,24.0,54.2,1012.8,False,36.8,156,2.0,1,Australian Grand Prix,-279.653
-1 days +23:56:20.350000,23.9,54.5,1012.9,False,37.3,126,1.5,1,Australian Grand Prix,-219.65
-1 days +23:57:20.347000,24.0,54.0,1012.8,False,36.5,74,1.0,1,Australian Grand Prix,-159.653
-1 days +23:58:20.362000,24.0,54.2,1012.8,False,36.0,116,4.6,1,Australian Grand Prix,-99.638
-1 days +23:59:20.369000,23.9,53.8,1013.0,False,35.4,93,3.1,1,Australian Grand Prix,-39.631
0 days 00:00:20.367000,23.9,54.3,1012.8,False,35.7,100,2.1,1,Australian Grand Prix,20.367
0 days 00:01:20.354000,23.9,54.2,1012.9,False,35.3,185,1.8,1,Australian Grand Prix,80.354
0 days 00:02:20.382000,23.9,54.2,1012.8,False,37.5,99,2.5,1,Australian Grand Prix,140.382
0 days 00:03:20.383000,24.0,54.0,1012.9,False,38.0,129,3.4,1,Australian Grand Prix,200.383
0 days 00:04:20.418000,24.2,54.0,1012.8,False,36.6,104,4.4,1,Australian Grand Prix,260.418
0 days 00:05:20.416000,24.2,54.4,1012.8,False,36.0,135,2.3,1,Australian Grand Prix,320.416
0 days 00:06:20.416000,24.1,54.1,1012.9,False,36.1,112,1.6,1,Australian Grand Prix,380.416
0 days 00:07:20.438000,24.1,54.1,1012.9,False,36.1,112,1.6,1,Australian Grand Prix,440.438
0 days 00:08:20.433000,24.1,54.1,1012.9,False,36.1,112,1.6,1,Australian Grand Prix,500.433
0 days 00:09:20.446000,24.1,54.1,1012.9,False,36.1,112,1.6,1,Australian Grand Prix,560.446
0 days 00:10:20.450000,24.2,54.2,1012.8,False,35.1,127,2.2,1,Australian Grand Prix,620.45
0 days 00:11:20.452000,24.2,54.3,1012.6,False,35.3,114,2.7,1,Australian Grand Prix,680.452
0 days 00:12:20.442000,24.2,54.7,1012.6,False,35.1,99,3.4,1,Australian Grand Prix,740.442
0 days 00:13:20.455000,24.3,54.6,1012.5,False,35.8,121,2.0,1,Australian Grand Prix,800.455
0 days 00:14:20.443000,24.5,54.3,1012.6,False,36.6,104,2.4,1,Australian Grand Prix,860.443
0 days 00:15:20.454000,24.4,53.7,1012.6,False,38.1,121,3.1,1,Australian Grand Prix,920.454
0 days 00:16:20.454000,24.4,53.1,1012.5,False,37.6,122,2.4,1,Australian Grand Prix,980.454
0 days 00:17:20.454999999,24.5,53.3,1012.6,False,36.7,119,1.6,1,Australian Grand Prix,1040.454999999
0 days 00:18:20.483000,24.4,53.1,1012.4,False,36.6,128,2.7,1,Australian Grand Prix,1100.483
0 days 00:19:20.474000,24.4,53.3,1012.5,False,36.4,113,2.2,1,Australian Grand Prix,1160.474
0 days 00:20:20.490000,24.5,53.5,1012.4,False,36.5,128,2.0,1,Australian Grand Prix,1220.49
0 days 00:21:20.482000,24.5,53.5,1012.4,False,36.5,128,2.0,1,Australian Grand Prix,1280.482
0 days 00:22:20.492000,24.6,52.3,1012.4,False,36.8,113,2.0,1,Australian Grand Prix,1340.492
0 days 00:23:20.528000,24.4,52.4,1012.4,False,36.6,95,3.8,1,Australian Grand Prix,1400.528
0 days 00:24:20.525000,24.3,53.3,1012.4,False,36.6,114,2.5,1,Australian Grand Prix,1460.525
0 days 00:25:20.539000,24.3,53.7,1012.3,False,37.3,125,2.0,1,Australian Grand Prix,1520.539
0 days 00:26:20.530000,24.3,53.9,1012.3,False,38.4,140,3.5,1,Australian Grand Prix,1580.53
0 days 00:27:20.538000,24.5,53.5,1012.3,False,39.1,119,3.0,1,Australian Grand Prix,1640.538
0 days 00:28:20.542000,24.6,53.1,1012.3,False,37.7,111,3.0,1,Australian Grand Prix,1700.542
0 days 00:29:20.540000,24.6,52.5,1012.3,False,36.7,138,4.1,1,Australian Grand Prix,1760.54
0 days 00:30:20.556000,24.6,53.1,1012.3,False,36.3,137,3.6,1,Australian Grand Prix,1820.556
0 days 00:31:20.558000,24.7,53.0,1012.3,False,35.9,142,2.9,1,Australian Grand Prix,1880.558
0 days 00:32:20.577000,24.7,53.3,1012.1,False,35.9,133,1.9,1,Australian Grand Prix,1940.577
0 days 00:33:20.591000,24.6,53.4,1012.2,False,35.8,126,2.8,1,Australian Grand Prix,2000.591
0 days 00:34:20.590000,24.6,53.3,1012.1,False,35.7,119,3.8,1,Australian Grand Prix,2060.59
0 days 00:35:20.577000,24.6,53.1,1012.2,False,35.9,123,2.7,1,Australian Grand Prix,2120.577
0 days 00:36:20.579000,24.6,52.8,1012.1,False,36.4,111,2.9,1,Australian Grand Prix,2180.579
0 days 00:37:20.595000,24.5,52.9,1012.2,False,36.6,95,1.4,1,Australian Grand Prix,2240.595
0 days 00:38:20.581000,24.6,53.4,1012.1,False,37.0,114,2.1,1,Australian Grand Prix,2300.581
0 days 00:39:20.596000,24.7,53.0,1012.0,False,37.5,113,1.8,1,Australian Grand Prix,2360.596
0 days 00:40:20.597000,24.8,52.6,1012.1,False,37.6,147,3.1,1,Australian Grand Prix,2420.597
0 days 00:41:20.598000,24.8,52.7,1012.0,False,37.4,106,3.3,1,Australian Grand Prix,2480.598
0 days 00:42:20.613000,24.9,52.1,1012.0,False,37.1,105,3.3,1,Australian Grand Prix,2540.613
0 days 00:43:20.632000,24.8,52.0,1012.0,False,36.5,98,2.5,1,Australian Grand Prix,2600.632
0 days 00:44:20.632000,24.8,52.8,1012.0,False,36.3,98,4.0,1,Australian Grand Prix,2660.632
0 days 00:45:20.632000,24.8,52.8,1012.1,False,36.1,120,3.0,1,Australian Grand Prix,2720.632
0 days 00:46:20.615000,24.9,53.4,1012.0,False,36.1,115,2.8,1,Australian Grand Prix,2780.615
0 days 00:47:20.639000,25.3,53.7,1012.0,False,36.1,123,2.5,1,Australian Grand Prix,2840.639
0 days 00:48:20.635000,25.2,53.5,1011.9,False,37.3,184,1.0,1,Australian Grand Prix,2900.635
0 days 00:49:20.634000,25.3,53.0,1011.8,False,37.6,131,4.2,1,Australian Grand Prix,2960.634
0 days 00:50:20.637000,25.2,53.1,1012.0,False,37.0,125,4.0,1,Australian Grand Prix,3020.637
0 days 00:51:20.636000,25.1,53.0,1012.0,False,37.2,147,3.0,1,Australian Grand Prix,3080.636
0 days 00:52:20.651000,25.1,53.2,1011.8,False,37.7,107,2.5,1,Australian Grand Prix,3140.651
0 days 00:53:20.682000,25.0,53.1,1011.9,False,37.3,123,3.0,1,Australian Grand Prix,3200.682
0 days 00:54:20.685000,25.2,52.4,1011.9,False,37.2,105,3.7,1,Australian Grand Prix,3260.685
0 days 00:55:20.699000,25.3,52.3,1011.8,False,37.6,113,3.0,1,Australian Grand Prix,3320.699
0 days 00:56:20.701000,25.2,52.5,1011.8,False,37.8,119,3.8,1,Australian Grand Prix,3380.701
0 days 00:57:20.719000,25.2,52.8,1011.8,False,37.0,120,3.8,1,Australian Grand Prix,3440.719
0 days 00:58:20.712000,25.1,53.4,1011.8,False,36.7,112,1.7,1,Australian Grand Prix,3500.712
0 days 00:59:20.720000,25.1,53.0,1011.8,False,35.9,115,3.0,1,Australian Grand Prix,3560.72
0 days 01:00:20.721000,25.0,52.1,1011.8,False,35.7,98,2.5,1,Australian Grand Prix,3620.721
0 days 01:01:20.723000,25.0,52.7,1011.8,False,35.5,140,3.1,1,Australian Grand Prix,3680.723
0 days 01:02:20.736000,25.0,52.5,1011.8,False,35.4,116,1.7,1,Australian Grand Prix,3740.736
0 days 01:03:20.736000,25.0,52.8,1011.7,False,35.5,136,3.6,1,Australian Grand Prix,3800.736
0 days 01:04:20.741000,25.0,52.8,1011.8,False,35.4,96,2.8,1,Australian Grand Prix,3860.741
0 days 01:05:20.730000,25.1,52.6,1011.6,False,35.5,99,1.3,1,Australian Grand Prix,3920.73
0 days 01:06:20.741000,25.2,53.2,1011.6,False,36.1,100,4.3,1,Australian Grand Prix,3980.741
0 days 01:07:20.758000,25.2,52.7,1011.7,False,36.2,93,1.0,1,Australian Grand Prix,4040.758
0 days 01:08:20.773000,25.1,52.5,1011.7,False,36.6,110,2.0,1,Australian Grand Prix,4100.773
0 days 01:09:20.758000,25.1,51.4,1011.7,False,36.2,104,4.2,1,Australian Grand Prix,4160.758
0 days 01:10:20.772000,25.1,51.4,1011.6,False,35.7,118,3.9,1,Australian Grand Prix,4220.772
0 days 01:11:20.774999999,25.1,51.4,1011.6,False,35.6,140,2.9,1,Australian Grand Prix,4280.774999999
0 days 01:12:20.760000,25.1,52.4,1011.6,False,35.4,106,4.0,1,Australian Grand Prix,4340.76
0 days 01:13:20.783000,25.2,52.5,1011.7,False,35.8,116,2.2,1,Australian Grand Prix,4400.783
0 days 01:14:20.780000,25.1,52.9,1011.6,False,36.8,110,2.4,1,Australian Grand Prix,4460.78
0 days 01:15:20.795000,25.2,53.0,1011.6,False,36.5,116,2.6,1,Australian Grand Prix,4520.795
0 days 01:16:20.786000,25.2,52.0,1011.6,False,36.4,110,2.2,1,Australian Grand Prix,4580.786
0 days 01:17:20.814000,25.3,52.0,1011.6,False,35.9,125,2.3,1,Australian Grand Prix,4640.814
0 days 01:18:20.813000,25.3,52.2,1011.5,False,35.6,106,3.1,1,Australian Grand Prix,4700.813
0 days 01:19:20.829000,25.3,51.1,1011.5,False,35.3,121,3.0,1,Australian Grand Prix,4760.829
0 days 01:20:20.859000,25.3,51.5,1011.6,False,35.0,131,3.6,1,Australian Grand Prix,4820.859
0 days 01:21:20.866000,25.3,51.9,1011.5,False,34.8,115,3.0,1,Australian Grand Prix,4880.866
0 days 01:22:20.886000,25.3,51.7,1011.5,False,34.7,130,4.2,1,Australian Grand Prix,4940.886
0 days 01:23:20.915000,25.2,51.6,1011.6,False,34.6,126,3.2,1,Australian Grand Prix,5000.915
0 days 01:24:20.913000,25.2,51.9,1011.5,False,34.6,127,3.7,1,Australian Grand Prix,5060.913
0 days 01:25:20.899000,25.2,52.0,1011.5,False,34.4,105,2.9,1,Australian Grand Prix,5120.899
0 days 01:26:20.912000,25.1,51.7,1011.5,False,34.5,103,2.9,1,Australian Grand Prix,5180.912
0 days 01:27:20.912000,25.0,52.2,1011.5,False,34.3,114,2.5,1,Australian Grand Prix,5240.912
0 days 01:28:20.940000,25.0,52.7,1011.5,False,34.5,117,1.9,1,Australian Grand Prix,5300.94
-1 days +23:08:35.739000,16.3,51.1,1024.6,False,26.5,91,2.1,2,Chinese Grand Prix,-3084.261
-1 days +23:09:35.754000,16.3,51.1,1024.6,False,26.0,111,1.5,2,Chinese Grand Prix,-3024.246
-1 days +23:10:35.757000,16.3,51.3,1024.6,False,26.1,99,2.0,2,Chinese Grand Prix,-2964.243
-1 days +23:11:35.746000,16.3,51.4,1024.6,False,25.4,91,1.8,2,Chinese Grand Prix,-2904.254
-1 days +23:12:35.741000,16.3,51.3,1024.6,False,25.4,65,2.7,2,Chinese Grand Prix,-2844.259
-1 days +23:13:35.746000,16.2,51.6,1024.5,False,25.4,56,1.8,2,Chinese Grand Prix,-2784.254
-1 days +23:14:35.769000,16.2,51.7,1024.5,False,25.2,60,1.4,2,Chinese Grand Prix,-2724.231
-1 days +23:15:35.770000,16.1,51.9,1024.4,False,25.2,55,1.5,2,Chinese Grand Prix,-2664.23
-1 days +23:16:35.758000,16.2,51.8,1024.5,False,25.1,108,1.4,2,Chinese Grand Prix,-2604.242
-1 days +23:17:35.751000,16.2,51.8,1024.4,False,24.8,120,0.7,2,Chinese Grand Prix,-2544.249
-1 days +23:18:35.788000,16.1,52.5,1024.5,False,25.3,99,0.9,2,Chinese Grand Prix,-2484.212
-1 days +23:19:35.793000,16.1,52.1,1024.4,False,25.1,109,1.8,2,Chinese Grand Prix,-2424.207
-1 days +23:20:35.790000,16.1,51.2,1024.4,False,24.6,129,1.3,2,Chinese Grand Prix,-2364.21
-1 days +23:21:35.777000,16.1,52.2,1024.4,False,25.1,87,1.1,2,Chinese Grand Prix,-2304.223
-1 days +23:22:35.774000,16.2,52.2,1024.4,False,24.8,110,2.5,2,Chinese Grand Prix,-2244.226
-1 days +23:23:35.796000,16.1,52.3,1024.5,False,25.1,92,1.3,2,Chinese Grand Prix,-2184.204
-1 days +23:24:35.800000001,16.1,52.1,1024.5,False,24.9,70,1.9,2,Chinese Grand Prix,-2124.199999999
-1 days +23:25:35.803000,16.1,52.5,1024.4,False,24.7,104,2.1,2,Chinese Grand Prix,-2064.197
-1 days +23:26:35.817000,16.1,52.6,1024.4,False,25.0,115,1.5,2,Chinese Grand Prix,-2004.183
-1 days +23:27:35.817000,16.1,53.1,1024.4,False,25.4,43,0.3,2,Chinese Grand Prix,-1944.183
-1 days +23:28:35.831000,16.1,53.5,1024.5,False,25.7,174,1.5,2,Chinese Grand Prix,-1884.169
-1 days +23:29:35.849000,16.2,53.2,1024.5,False,25.6,166,1.0,2,Chinese Grand Prix,-1824.151
-1 days +23:30:35.845000,16.3,52.5,1024.6,False,27.6,79,1.9,2,Chinese Grand Prix,-1764.155
-1 days +23:31:35.868000,16.3,50.8,1024.5,False,26.8,84,3.0,2,Chinese Grand Prix,-1704.132
-1 days +23:32:35.875000,16.4,50.5,1024.6,False,25.3,70,2.0,2,Chinese Grand Prix,-1644.125
-1 days +23:33:35.893000,16.3,52.0,1024.5,False,25.0,97,1.8,2,Chinese Grand Prix,-1584.107
-1 days +23:34:35.894000,16.2,51.9,1024.5,False,24.7,72,1.4,2,Chinese Grand Prix,-1524.106
-1 days +23:35:35.879000,16.2,52.0,1024.6,False,24.6,97,2.4,2,Chinese Grand Prix,-1464.121
-1 days +23:36:35.907000,16.1,52.5,1024.6,False,24.4,100,2.6,2,Chinese Grand Prix,-1404.093
-1 days +23:37:35.920000,16.0,52.8,1024.6,False,24.2,93,1.7,2,Chinese Grand Prix,-1344.08
-1 days +23:38:35.920000,15.9,52.9,1024.6,False,24.5,102,2.0,2,Chinese Grand Prix,-1284.08
-1 days +23:39:35.922000,15.9,52.9,1024.6,False,24.5,102,2.0,2,Chinese Grand Prix,-1224.078
-1 days +23:40:35.920000,15.8,53.4,1024.6,False,24.1,103,2.3,2,Chinese Grand Prix,-1164.08
-1 days +23:41:35.920000,15.8,54.1,1024.6,False,24.2,94,1.8,2,Chinese Grand Prix,-1104.08
-1 days +23:42:35.919000001,15.9,54.1,1024.6,False,24.0,99,1.6,2,Chinese Grand Prix,-1044.080999999
-1 days +23:43:35.932000,16.0,54.1,1024.5,False,24.1,88,1.6,2,Chinese Grand Prix,-984.068
-1 days +23:44:35.932000,16.0,54.1,1024.5,False,24.5,88,1.0,2,Chinese Grand Prix,-924.068
-1 days +23:45:35.918000,16.0,54.3,1024.5,False,24.4,111,1.4,2,Chinese Grand Prix,-864.082
-1 days +23:46:35.948000,16.0,53.2,1024.5,False,24.5,87,0.9,2,Chinese Grand Prix,-804.052
-1 days +23:47:35.953000,16.0,53.6,1024.5,False,24.2,70,1.0,2,Chinese Grand Prix,-744.047
-1 days +23:48:35.953000,15.9,53.7,1024.6,False,24.6,101,1.3,2,Chinese Grand Prix,-684.047
-1 days +23:49:35.960000,15.9,53.7,1024.4,False,24.0,145,1.1,2,Chinese Grand Prix,-624.04
-1 days +23:50:35.976000,15.9,54.2,1024.5,False,24.0,100,1.0,2,Chinese Grand Prix,-564.024
-1 days +23:51:35.974000,15.9,53.6,1024.6,False,24.2,100,1.9,2,Chinese Grand Prix,-504.026
-1 days +23:52:35.984000,15.9,53.4,1024.6,False,24.4,87,1.6,2,Chinese Grand Prix,-444.016
-1 days +23:53:35.964000,16.0,52.9,1024.5,False,24.5,103,1.2,2,Chinese Grand Prix,-384.036
-1 days +23:54:35.974000,16.0,53.1,1024.4,False,24.8,89,0.9,2,Chinese Grand Prix,-324.026
-1 days +23:55:35.974000,16.1,52.8,1024.4,False,24.7,63,3.1,2,Chinese Grand Prix,-264.026
-1 days +23:56:35.989000,16.2,52.3,1024.4,False,24.3,81,1.1,2,Chinese Grand Prix,-204.011
-1 days +23:57:36.009000,16.1,52.4,1024.4,False,24.3,55,2.9,2,Chinese Grand Prix,-143.991
-1 days +23:58:36.018000,16.1,52.9,1024.3,False,23.9,91,3.8,2,Chinese Grand Prix,-83.982
-1 days +23:59:36.039000,16.0,52.9,1024.4,False,23.5,92,2.0,2,Chinese Grand Prix,-23.961
0 days 00:00:36.043000,15.8,53.6,1024.4,False,23.6,108,2.0,2,Chinese Grand Prix,36.043
0 days 00:01:36.055000,15.8,54.6,1024.3,False,23.5,96,2.0,2,Chinese Grand Prix,96.055
0 days 00:02:36.061000,15.7,54.2,1024.4,False,23.0,94,1.9,2,Chinese Grand Prix,156.061
0 days 00:03:36.070000,15.7,54.8,1024.4,False,23.2,90,2.6,2,Chinese Grand Prix,216.07
0 days 00:04:36.075000,15.6,55.2,1024.4,False,23.3,72,2.8,2,Chinese Grand Prix,276.075
0 days 00:05:36.066000,15.6,55.5,1024.5,False,22.7,105,2.5,2,Chinese Grand Prix,336.066
0 days 00:06:36.092000,15.6,55.3,1024.5,False,22.5,102,4.5,2,Chinese Grand Prix,396.092
0 days 00:07:36.112000,15.5,55.8,1024.4,False,23.0,107,1.8,2,Chinese Grand Prix,456.112
0 days 00:08:36.107000,15.5,55.4,1024.5,False,23.3,98,3.3,2,Chinese Grand Prix,516.107
0 days 00:09:36.122000,15.5,55.4,1024.5,False,23.0,105,2.5,2,Chinese Grand Prix,576.122
0 days 00:10:36.114000,15.5,55.7,1024.4,False,23.2,85,2.2,2,Chinese Grand Prix,636.114
0 days 00:11:36.110000,15.5,55.3,1024.5,False,23.1,92,3.7,2,Chinese Grand Prix,696.11
0 days 00:12:36.110000,15.6,55.6,1024.5,False,22.9,107,2.2,2,Chinese Grand Prix,756.11
0 days 00:13:36.113000,15.6,55.6,1024.5,False,22.9,96,3.3,2,Chinese Grand Prix,816.113
0 days 00:14:36.120000,15.6,55.8,1024.5,False,22.4,111,2.4,2,Chinese Grand Prix,876.12
0 days 00:15:36.123000,15.6,55.9,1024.3,False,22.8,88,2.1,2,Chinese Grand Prix,936.123
0 days 00:16:36.155000,15.6,55.9,1024.5,False,22.6,111,2.1,2,Chinese Grand Prix,996.155
0 days 00:17:36.176999999,15.6,56.0,1024.5,False,22.6,110,2.6,2,Chinese Grand Prix,1056.176999999
0 days 00:18:36.177000,15.5,55.9,1024.6,False,22.5,104,3.3,2,Chinese Grand Prix,1116.177
0 days 00:19:36.176000,15.5,56.2,1024.6,False,22.4,92,1.5,2,Chinese Grand Prix,1176.176
0 days 00:20:36.171000,15.5,56.0,1024.3,False,22.5,70,2.0,2,Chinese Grand Prix,1236.171
0 days 00:21:36.162000,15.5,55.5,1024.6,False,22.8,77,0.8,2,Chinese Grand Prix,1296.162
0 days 00:22:36.187000,15.5,55.4,1024.5,False,22.8,96,1.9,2,Chinese Grand Prix,1356.187
0 days 00:23:36.175000,15.5,55.3,1024.7,False,22.7,0,0.0,2,Chinese Grand Prix,1416.175
0 days 00:24:36.171000,15.5,55.6,1024.6,False,22.5,140,0.9,2,Chinese Grand Prix,1476.171
0 days 00:25:36.168000,15.5,55.2,1024.7,False,22.0,98,2.1,2,Chinese Grand Prix,1536.168
0 days 00:26:36.177000,15.5,55.1,1024.6,False,22.0,131,1.7,2,Chinese Grand Prix,1596.177
0 days 00:27:36.195000,15.4,55.6,1024.7,False,22.0,142,1.9,2,Chinese Grand Prix,1656.195
0 days 00:28:36.210000,15.4,56.3,1024.7,False,22.4,112,1.1,2,Chinese Grand Prix,1716.21
0 days 00:29:36.214000,15.3,56.4,1024.6,False,22.1,98,2.8,2,Chinese Grand Prix,1776.214
0 days 00:30:36.197000,15.4,56.2,1024.7,False,21.6,116,2.8,2,Chinese Grand Prix,1836.197
0 days 00:31:36.212000,15.3,56.8,1024.7,False,22.0,102,1.6,2,Chinese Grand Prix,1896.212
0 days 00:32:36.235000,15.2,56.6,1024.7,False,21.9,114,3.2,2,Chinese Grand Prix,1956.235
0 days 00:33:36.215000,15.2,56.7,1024.7,False,21.9,126,1.0,2,Chinese Grand Prix,2016.215
0 days 00:34:36.208999999,15.3,56.5,1024.6,False,21.8,105,2.2,2,Chinese Grand Prix,2076.208999999
0 days 00:35:36.224000,15.3,56.2,1024.6,False,21.6,101,1.6,2,Chinese Grand Prix,2136.224
0 days 00:36:36.237999999,15.3,56.4,1024.6,False,21.6,98,2.0,2,Chinese Grand Prix,2196.237999999
0 days 00:37:36.215000,15.3,56.6,1024.6,False,21.9,93,2.9,2,Chinese Grand Prix,2256.215
0 days 00:38:36.238000,15.3,56.8,1024.5,False,21.5,108,1.7,2,Chinese Grand Prix,2316.238
0 days 00:39:36.236000,15.3,56.7,1024.4,False,21.7,94,2.2,2,Chinese Grand Prix,2376.236
0 days 00:40:36.266000,15.3,56.9,1024.5,False,21.8,92,2.8,2,Chinese Grand Prix,2436.266
0 days 00:41:36.271000,15.3,57.0,1024.3,False,21.7,110,2.4,2,Chinese Grand Prix,2496.271
0 days 00:42:36.268000,15.3,56.2,1024.4,False,21.6,97,3.0,2,Chinese Grand Prix,2556.268
0 days 00:43:36.269000,15.3,56.2,1024.3,False,21.6,89,1.5,2,Chinese Grand Prix,2616.269
0 days 00:44:36.263000,15.4,56.4,1024.4,False,21.7,101,2.3,2,Chinese Grand Prix,2676.263
0 days 00:45:36.279000,15.4,56.2,1024.3,False,21.8,94,2.8,2,Chinese Grand Prix,2736.279
0 days 00:46:36.321000,15.3,56.3,1024.3,False,21.7,93,2.2,2,Chinese Grand Prix,2796.321
0 days 00:47:36.312000,15.3,56.2,1024.4,False,21.6,95,2.4,2,Chinese Grand Prix,2856.312
0 days 00:48:36.333000,15.3,56.5,1024.4,False,21.8,63,2.3,2,Chinese Grand Prix,2916.333
0 days 00:49:36.327000,15.4,56.3,1024.4,False,21.8,92,2.6,2,Chinese Grand Prix,2976.327
0 days 00:50:36.328000,15.4,56.0,1024.4,False,21.8,70,2.2,2,Chinese Grand Prix,3036.328
0 days 00:51:36.352000,15.4,56.0,1024.4,False,21.7,67,2.0,2,Chinese Grand Prix,3096.352
0 days 00:52:36.353000,15.4,55.6,1024.4,False,21.5,85,2.3,2,Chinese Grand Prix,3156.353
0 days 00:53:36.421000,15.4,55.6,1024.4,False,21.6,77,3.0,2,Chinese Grand Prix,3216.421
0 days 00:54:36.345000,15.4,55.8,1024.4,False,21.0,96,3.1,2,Chinese Grand Prix,3276.345
0 days 00:55:36.349000,15.4,55.8,1024.4,False,21.2,77,2.6,2,Chinese Grand Prix,3336.349
0 days 00:56:36.365000,15.4,55.8,1024.4,False,21.2,77,2.6,2,Chinese Grand Prix,3396.365
0 days 00:57:36.392000,15.2,56.5,1024.5,False,21.1,93,2.3,2,Chinese Grand Prix,3456.392
0 days 00:58:36.388000,15.2,56.6,1024.5,False,21.1,84,1.6,2,Chinese Grand Prix,3516.388
0 days 00:59:36.406000,15.3,56.8,1024.5,False,21.1,84,2.2,2,Chinese Grand Prix,3576.406
0 days 01:00:36.428000,15.3,56.5,1024.5,False,21.3,96,2.4,2,Chinese Grand Prix,3636.428
0 days 01:01:36.433000,15.3,56.2,1024.5,False,20.8,86,1.7,2,Chinese Grand Prix,3696.433
0 days 01:02:36.452000,15.3,56.1,1024.5,False,21.1,109,1.8,2,Chinese Grand Prix,3756.452
0 days 01:03:36.445000,15.3,56.1,1024.5,False,21.0,108,1.6,2,Chinese Grand Prix,3816.445
0 days 01:04:36.471000,15.3,55.9,1024.4,False,21.0,98,1.6,2,Chinese Grand Prix,3876.471
0 days 01:05:36.478000,15.3,55.5,1024.5,False,20.9,87,2.7,2,Chinese Grand Prix,3936.478
0 days 01:06:36.493000,15.3,55.4,1024.5,False,20.3,121,2.4,2,Chinese Grand Prix,3996.493
0 days 01:07:36.481000,15.3,55.4,1024.5,False,20.3,121,2.4,2,Chinese Grand Prix,4056.481
0 days 01:08:36.515999999,15.2,56.0,1024.4,False,20.8,77,1.8,2,Chinese Grand Prix,4116.515999999
0 days 01:09:36.511999999,15.1,56.6,1024.4,False,20.9,83,3.1,2,Chinese Grand Prix,4176.511999999
0 days 01:10:36.488999999,15.2,56.7,1024.3,False,20.8,101,3.3,2,Chinese Grand Prix,4236.488999999
0 days 01:11:36.482000,15.2,56.3,1024.4,False,20.3,88,3.1,2,Chinese Grand Prix,4296.482
0 days 01:12:36.497999999,15.2,55.9,1024.3,False,20.5,92,2.6,2,Chinese Grand Prix,4356.497999999
0 days 01:13:36.517000,15.1,56.3,1024.3,False,20.5,93,3.2,2,Chinese Grand Prix,4416.517
0 days 01:14:36.491000,15.1,56.5,1024.3,False,20.5,88,2.7,2,Chinese Grand Prix,4476.491
0 days 01:15:36.519000,15.1,56.5,1024.3,False,20.6,86,2.7,2,Chinese Grand Prix,4536.519
0 days 01:16:36.529000,15.1,56.3,1024.2,False,20.3,91,3.3,2,Chinese Grand Prix,4596.529
0 days 01:17:36.545000,15.1,56.6,1024.3,False,20.4,61,2.7,2,Chinese Grand Prix,4656.545
0 days 01:18:36.542000,15.1,56.6,1024.3,False,20.4,61,2.7,2,Chinese Grand Prix,4716.542
0 days 01:19:36.547000,15.1,56.9,1024.3,False,20.4,77,3.3,2,Chinese Grand Prix,4776.547
0 days 01:20:36.563000,15.1,56.5,1024.4,False,20.5,81,3.9,2,Chinese Grand Prix,4836.563
0 days 01:21:36.564000,15.1,57.0,1024.3,False,20.2,83,2.5,2,Chinese Grand Prix,4896.564
0 days 01:22:36.552000,15.1,56.9,1024.4,False,20.2,77,3.3,2,Chinese Grand Prix,4956.552
0 days 01:23:36.583000,15.1,57.2,1024.5,False,20.0,87,2.8,2,Chinese Grand Prix,5016.583
0 days 01:24:36.583000,15.0,57.4,1024.4,False,20.1,91,2.4,2,Chinese Grand Prix,5076.583
0 days 01:25:36.588000,15.0,57.4,1024.4,False,20.2,93,2.0,2,Chinese Grand Prix,5136.588
0 days 01:26:36.568000,15.0,57.5,1024.5,False,20.3,76,3.0,2,Chinese Grand Prix,5196.568
0 days 01:27:36.608000,15.0,57.3,1024.5,False,20.2,77,2.9,2,Chinese Grand Prix,5256.608
0 days 01:28:36.598000,15.0,57.4,1024.6,False,20.1,84,3.1,2,Chinese Grand Prix,5316.598
0 days 01:29:36.597000,15.0,57.4,1024.6,False,20.1,84,3.1,2,Chinese Grand Prix,5376.597
0 days 01:30:36.581000,14.9,57.3,1024.6,False,20.0,95,4.1,2,Chinese Grand Prix,5436.581
0 days 01:31:36.592000,14.9,57.6,1024.6,False,20.0,85,3.0,2,Chinese Grand Prix,5496.592
0 days 01:32:36.630000,15.0,57.4,1024.7,False,19.9,93,2.5,2,Chinese Grand Prix,5556.63
0 days 01:33:36.635000,15.0,57.4,1024.5,False,20.0,84,2.4,2,Chinese Grand Prix,5616.635
0 days 01:34:36.631000,15.0,57.3,1024.5,False,19.9,67,2.2,2,Chinese Grand Prix,5676.631
0 days 01:35:36.649000,15.0,57.5,1024.6,False,20.1,86,2.8,2,Chinese Grand Prix,5736.649
0 days 01:36:36.641000,15.0,57.5,1024.5,False,19.9,97,3.1,2,Chinese Grand Prix,5796.641
0 days 01:37:36.636000,14.9,57.5,1024.5,False,19.7,112,2.3,2,Chinese Grand Prix,5856.636
0 days 01:38:36.635000,14.9,57.7,1024.5,False,19.9,92,3.3,2,Chinese Grand Prix,5916.635
0 days 01:39:36.643000,14.9,57.8,1024.5,False,19.9,79,3.3,2,Chinese Grand Prix,5976.643
-1 days +23:11:04.261000,19.4,46.1,1012.1,False,37.0,115,3.1,3,Japanese Grand Prix,-2935.739
-1 days +23:12:04.263000,19.4,45.7,1012.1,False,38.0,140,1.9,3,Japanese Grand Prix,-2875.737
-1 days +23:13:04.265000,19.4,44.7,1012.0,False,37.3,124,3.3,3,Japanese Grand Prix,-2815.735
-1 days +23:14:04.264000,19.5,45.0,1012.1,False,37.7,126,2.3,3,Japanese Grand Prix,-2755.736
-1 days +23:15:04.266000,19.5,45.0,1012.1,False,37.4,118,2.5,3,Japanese Grand Prix,-2695.734
-1 days +23:16:04.266000,19.5,45.4,1012.1,False,38.1,125,2.7,3,Japanese Grand Prix,-2635.734
-1 days +23:17:04.268000,19.4,46.0,1012.0,False,37.8,121,2.9,3,Japanese Grand Prix,-2575.732
-1 days +23:18:04.262000,19.5,46.0,1012.0,False,38.2,144,2.4,3,Japanese Grand Prix,-2515.738
-1 days +23:19:04.276000,19.5,46.3,1012.1,False,38.2,135,2.7,3,Japanese Grand Prix,-2455.724
-1 days +23:20:04.268000,19.4,48.9,1012.0,False,37.8,128,3.5,3,Japanese Grand Prix,-2395.732
-1 days +23:21:04.268000,19.3,49.8,1012.0,False,38.3,116,2.4,3,Japanese Grand Prix,-2335.732
-1 days +23:22:04.268000,19.3,51.6,1012.0,False,37.9,133,3.4,3,Japanese Grand Prix,-2275.732
-1 days +23:23:04.271000,19.2,50.3,1012.0,False,37.5,127,3.4,3,Japanese Grand Prix,-2215.729
-1 days +23:24:04.270000,19.1,51.0,1012.1,False,37.8,132,2.1,3,Japanese Grand Prix,-2155.73
-1 days +23:25:04.272000,18.9,52.0,1012.1,False,37.7,129,2.4,3,Japanese Grand Prix,-2095.728
-1 days +23:26:04.271000,18.8,51.9,1012.0,False,37.3,128,2.5,3,Japanese Grand Prix,-2035.729
-1 days +23:27:04.273000,18.8,52.3,1012.0,False,36.8,117,1.0,3,Japanese Grand Prix,-1975.727
-1 days +23:28:04.280000,18.7,52.9,1012.1,False,37.0,133,2.2,3,Japanese Grand Prix,-1915.72
-1 days +23:29:04.276000,18.6,52.1,1012.0,False,37.1,122,2.3,3,Japanese Grand Prix,-1855.724
-1 days +23:30:04.277000,18.4,51.8,1012.0,False,36.8,125,3.7,3,Japanese Grand Prix,-1795.723
-1 days +23:31:04.276000,18.5,52.4,1012.0,False,37.2,134,2.5,3,Japanese Grand Prix,-1735.724
-1 days +23:32:04.276000,18.4,53.7,1012.0,False,36.8,124,3.0,3,Japanese Grand Prix,-1675.724
-1 days +23:33:04.279000,18.4,52.5,1012.1,False,37.2,142,1.9,3,Japanese Grand Prix,-1615.721
-1 days +23:34:04.280000,18.5,53.2,1012.0,False,36.6,120,2.7,3,Japanese Grand Prix,-1555.72
-1 days +23:35:04.281000,18.6,53.9,1012.0,False,36.2,119,2.8,3,Japanese Grand Prix,-1495.719
-1 days +23:36:04.278000,18.5,52.9,1012.0,False,36.3,129,1.4,3,Japanese Grand Prix,-1435.722
-1 days +23:37:04.280000,18.5,53.2,1012.0,False,36.2,133,1.6,3,Japanese Grand Prix,-1375.72
-1 days +23:38:04.284000,18.5,52.2,1011.9,False,35.6,110,2.7,3,Japanese Grand Prix,-1315.716
-1 days +23:39:04.285000,18.5,52.8,1011.9,False,35.4,110,2.6,3,Japanese Grand Prix,-1255.715
-1 days +23:40:04.313000,18.5,53.0,1011.9,False,36.0,122,2.9,3,Japanese Grand Prix,-1195.687
-1 days +23:41:04.285000,18.5,52.5,1011.9,False,36.0,133,2.6,3,Japanese Grand Prix,-1135.715
-1 days +23:42:04.282000,18.5,52.8,1011.9,False,36.1,118,1.8,3,Japanese Grand Prix,-1075.718
-1 days +23:43:04.284000,18.4,53.9,1012.0,False,36.4,155,2.1,3,Japanese Grand Prix,-1015.716
-1 days +23:44:04.286000,18.4,53.4,1011.9,False,35.8,125,2.4,3,Japanese Grand Prix,-955.714
-1 days +23:45:04.283000,18.6,53.7,1011.9,False,36.2,148,1.8,3,Japanese Grand Prix,-895.717
-1 days +23:46:04.285000,18.4,53.7,1011.9,False,35.5,117,2.7,3,Japanese Grand Prix,-835.715
-1 days +23:47:04.292000,18.5,52.9,1011.9,False,36.2,144,2.9,3,Japanese Grand Prix,-775.708
-1 days +23:48:04.292000,18.5,52.5,1012.0,False,36.3,136,2.6,3,Japanese Grand Prix,-715.708
-1 days +23:49:04.289000,18.5,53.1,1011.9,False,36.3,113,2.2,3,Japanese Grand Prix,-655.711
-1 days +23:50:04.289000,18.4,53.2,1011.8,False,36.3,135,2.6,3,Japanese Grand Prix,-595.711
-1 days +23:51:04.294000,18.5,52.8,1011.8,False,35.8,129,3.0,3,Japanese Grand Prix,-535.706
-1 days +23:52:04.292000,18.4,51.6,1011.8,False,35.4,118,2.4,3,Japanese Grand Prix,-475.708
-1 days +23:53:04.291000,18.4,53.3,1011.8,False,35.3,121,2.9,3,Japanese Grand Prix,-415.709
-1 days +23:54:04.292000,18.5,53.0,1011.8,False,35.8,130,3.4,3,Japanese Grand Prix,-355.708
-1 days +23:55:04.291000,18.6,51.6,1011.7,False,36.5,121,2.8,3,Japanese Grand Prix,-295.709
-1 days +23:56:04.293000,18.6,52.3,1011.8,False,36.3,133,2.1,3,Japanese Grand Prix,-235.707
-1 days +23:57:04.296000,18.6,51.9,1011.7,False,36.1,119,1.9,3,Japanese Grand Prix,-175.704
-1 days +23:58:04.295000,18.6,53.6,1011.8,False,35.7,105,1.8,3,Japanese Grand Prix,-115.705
-1 days +23:59:04.296000,18.7,53.6,1011.8,False,36.6,121,2.0,3,Japanese Grand Prix,-55.704
0 days 00:00:04.301000,18.8,51.0,1011.8,False,36.7,147,3.0,3,Japanese Grand Prix,4.301
0 days 00:01:04.298000,18.8,52.2,1011.7,False,35.9,104,2.0,3,Japanese Grand Prix,64.298
0 days 00:02:04.301000,18.8,53.0,1011.8,False,36.9,120,3.1,3,Japanese Grand Prix,124.301
0 days 00:03:04.299000,18.8,53.5,1011.8,False,36.7,130,1.5,3,Japanese Grand Prix,184.299
0 days 00:04:04.302000,18.8,52.5,1011.8,False,36.6,121,2.0,3,Japanese Grand Prix,244.302
0 days 00:05:04.301000,18.8,52.6,1011.8,False,36.2,113,3.0,3,Japanese Grand Prix,304.301
0 days 00:06:04.301000,18.9,53.3,1011.7,False,36.8,150,3.2,3,Japanese Grand Prix,364.301
0 days 00:07:04.303000,18.8,53.1,1011.8,False,36.4,121,2.5,3,Japanese Grand Prix,424.303
0 days 00:08:04.304000,18.7,53.5,1011.8,False,36.6,118,1.8,3,Japanese Grand Prix,484.304
0 days 00:09:04.303000,18.8,53.8,1011.8,False,36.7,119,2.8,3,Japanese Grand Prix,544.303
0 days 00:10:04.302000,18.8,53.7,1011.9,False,36.6,131,2.3,3,Japanese Grand Prix,604.302
0 days 00:11:04.306000,18.9,53.4,1011.8,False,36.7,122,2.4,3,Japanese Grand Prix,664.306
0 days 00:12:04.307000,19.0,54.1,1011.9,False,36.6,151,2.3,3,Japanese Grand Prix,724.307
0 days 00:13:04.305000,18.9,53.9,1011.7,False,36.4,122,2.0,3,Japanese Grand Prix,784.305
0 days 00:14:04.304000,18.8,55.5,1011.7,False,36.7,124,2.1,3,Japanese Grand Prix,844.304
0 days 00:15:04.311000,18.9,55.3,1011.8,False,36.8,111,1.8,3,Japanese Grand Prix,904.311
0 days 00:16:04.306000,18.9,54.3,1011.7,False,36.7,143,1.5,3,Japanese Grand Prix,964.306
0 days 00:17:04.310000,18.9,53.9,1011.8,False,36.3,120,1.7,3,Japanese Grand Prix,1024.31
0 days 00:18:04.311999999,18.9,54.5,1011.7,False,36.0,112,2.1,3,Japanese Grand Prix,1084.311999999
0 days 00:19:04.318000,19.0,54.0,1011.8,False,36.5,104,0.4,3,Japanese Grand Prix,1144.318
0 days 00:20:04.312000,19.1,54.4,1011.8,False,36.4,135,2.9,3,Japanese Grand Prix,1204.312
0 days 00:21:04.313000,19.1,53.2,1011.8,False,36.4,128,2.3,3,Japanese Grand Prix,1264.313
0 days 00:22:04.312000,19.2,52.0,1011.8,False,36.0,95,1.4,3,Japanese Grand Prix,1324.312
0 days 00:23:04.314000,19.3,52.1,1011.8,False,35.7,120,2.6,3,Japanese Grand Prix,1384.314
0 days 00:24:04.315000,19.1,51.3,1011.8,False,35.7,130,1.3,3,Japanese Grand Prix,1444.315
0 days 00:25:04.317000,19.0,51.5,1011.8,False,35.4,104,1.2,3,Japanese Grand Prix,1504.317
0 days 00:26:04.316000,19.0,51.7,1011.8,False,35.3,144,2.7,3,Japanese Grand Prix,1564.316
0 days 00:27:04.322000,19.1,51.2,1011.7,False,34.6,120,2.3,3,Japanese Grand Prix,1624.322
0 days 00:28:04.323000,19.1,50.8,1011.8,False,34.3,120,2.5,3,Japanese Grand Prix,1684.323
0 days 00:29:04.317000,19.0,51.2,1011.8,False,34.6,126,2.0,3,Japanese Grand Prix,1744.317
0 days 00:30:04.318000,19.1,50.7,1011.7,False,34.0,142,1.5,3,Japanese Grand Prix,1804.318
0 days 00:31:04.321000,19.0,51.0,1011.7,False,34.0,127,2.5,3,Japanese Grand Prix,1864.321
0 days 00:32:04.324000,19.1,50.5,1011.9,False,33.7,82,1.3,3,Japanese Grand Prix,1924.324
0 days 00:33:04.326000,19.0,49.6,1011.9,False,34.1,117,0.6,3,Japanese Grand Prix,1984.326
0 days 00:34:04.323000,19.0,50.6,1011.8,False,33.8,151,2.0,3,Japanese Grand Prix,2044.323
0 days 00:35:04.322000,19.0,50.6,1011.8,False,33.6,56,1.2,3,Japanese Grand Prix,2104.322
0 days 00:36:04.324000,18.9,50.7,1011.7,False,33.3,133,1.2,3,Japanese Grand Prix,2164.324
0 days 00:37:04.322000,18.8,51.4,1011.6,False,33.2,98,1.2,3,Japanese Grand Prix,2224.322
0 days 00:38:04.324000,18.8,50.8,1011.8,False,33.4,44,0.7,3,Japanese Grand Prix,2284.324
0 days 00:39:04.329000,18.8,49.7,1011.7,False,33.4,135,2.1,3,Japanese Grand Prix,2344.329
0 days 00:40:04.323000,18.9,47.8,1011.8,False,32.9,133,2.6,3,Japanese Grand Prix,2404.323
0 days 00:41:04.332000,18.8,48.1,1011.7,False,32.5,126,2.3,3,Japanese Grand Prix,2464.332
0 days 00:42:04.327000,18.8,48.7,1011.7,False,32.8,100,1.3,3,Japanese Grand Prix,2524.327
0 days 00:43:04.321000,18.8,48.5,1011.7,False,32.2,24,1.7,3,Japanese Grand Prix,2584.321
0 days 00:44:04.326000,18.7,48.8,1011.7,False,32.5,78,1.2,3,Japanese Grand Prix,2644.326
0 days 00:45:04.329000,18.7,49.2,1011.7,False,32.7,131,2.2,3,Japanese Grand Prix,2704.329
0 days 00:46:04.331000,18.6,49.2,1011.7,False,32.2,58,1.8,3,Japanese Grand Prix,2764.331
0 days 00:47:04.333000,18.6,49.9,1011.7,False,32.6,116,0.9,3,Japanese Grand Prix,2824.333
0 days 00:48:04.330000,18.6,50.4,1011.6,False,32.9,163,0.7,3,Japanese Grand Prix,2884.33
0 days 00:49:04.330000,18.6,49.7,1011.7,False,32.7,165,1.6,3,Japanese Grand Prix,2944.33
0 days 00:50:04.332000,18.5,51.5,1011.7,False,32.7,107,0.4,3,Japanese Grand Prix,3004.332
0 days 00:51:04.321000,18.6,51.9,1011.6,False,32.7,124,1.5,3,Japanese Grand Prix,3064.321
0 days 00:52:04.336000,18.5,51.1,1011.6,False,32.7,152,2.1,3,Japanese Grand Prix,3124.336
0 days 00:53:04.335000,18.5,51.1,1011.7,False,32.9,121,1.3,3,Japanese Grand Prix,3184.335
0 days 00:54:04.336000,18.4,52.5,1011.7,False,32.9,182,0.7,3,Japanese Grand Prix,3244.336
0 days 00:55:04.335000,18.5,51.8,1011.7,False,32.8,120,1.5,3,Japanese Grand Prix,3304.335
0 days 00:56:04.338000,18.4,49.8,1011.7,False,32.7,154,2.4,3,Japanese Grand Prix,3364.338
0 days 00:57:04.339000,18.5,50.7,1011.7,False,32.3,106,2.0,3,Japanese Grand Prix,3424.339
0 days 00:58:04.341000,18.4,50.4,1011.7,False,32.6,137,2.3,3,Japanese Grand Prix,3484.341
0 days 00:59:04.341000,18.4,49.5,1011.7,False,32.3,144,3.1,3,Japanese Grand Prix,3544.341
0 days 01:00:04.340000,18.3,50.5,1011.7,False,32.2,136,2.5,3,Japanese Grand Prix,3604.34
0 days 01:01:04.511000,18.4,48.2,1011.7,False,32.6,148,2.6,3,Japanese Grand Prix,3664.511
0 days 01:02:04.342000,18.3,47.7,1011.7,False,32.3,122,2.3,3,Japanese Grand Prix,3724.342
0 days 01:03:04.344000,18.3,47.8,1011.7,False,32.4,126,2.2,3,Japanese Grand Prix,3784.344
0 days 01:04:04.341000,18.4,48.2,1011.7,False,32.4,132,2.6,3,Japanese Grand Prix,3844.341
0 days 01:05:04.343000,18.4,47.6,1011.7,False,32.1,135,0.8,3,Japanese Grand Prix,3904.343
0 days 01:06:04.345000,18.4,48.4,1011.7,False,31.9,125,3.5,3,Japanese Grand Prix,3964.345
0 days 01:07:04.346000,18.4,49.7,1011.7,False,32.0,129,1.9,3,Japanese Grand Prix,4024.346
0 days 01:08:04.351000,18.5,49.6,1011.7,False,31.7,344,1.4,3,Japanese Grand Prix,4084.351
0 days 01:09:04.348000,18.5,50.7,1011.6,False,32.0,133,2.0,3,Japanese Grand Prix,4144.348
0 days 01:10:04.348000,18.5,50.0,1011.7,False,31.5,140,1.1,3,Japanese Grand Prix,4204.348
0 days 01:11:04.350000,18.5,50.2,1011.7,False,31.5,188,0.6,3,Japanese Grand Prix,4264.35
0 days 01:12:04.359000,18.5,51.0,1011.6,False,31.4,113,1.2,3,Japanese Grand Prix,4324.359
0 days 01:13:04.346999999,18.3,51.1,1011.6,False,31.4,154,2.4,3,Japanese Grand Prix,4384.346999999
0 days 01:14:04.348000,18.2,51.7,1011.7,False,31.3,135,2.2,3,Japanese Grand Prix,4444.348
0 days 01:15:04.350000,18.1,52.4,1011.7,False,31.1,170,0.8,3,Japanese Grand Prix,4504.35
0 days 01:16:04.355000,18.0,53.7,1011.6,False,31.0,138,1.5,3,Japanese Grand Prix,4564.355
0 days 01:17:04.352000,17.9,54.3,1011.6,False,30.9,116,1.0,3,Japanese Grand Prix,4624.352
0 days 01:18:04.351000,17.9,55.6,1011.6,False,30.7,88,0.8,3,Japanese Grand Prix,4684.351
0 days 01:19:04.353000,17.9,55.8,1011.7,False,31.1,119,1.8,3,Japanese Grand Prix,4744.353
0 days 01:20:04.352000,17.9,54.7,1011.5,False,30.9,131,1.4,3,Japanese Grand Prix,4804.352
0 days 01:21:04.357000,17.8,55.5,1011.6,False,31.0,167,1.0,3,Japanese Grand Prix,4864.357
0 days 01:22:04.366000,17.8,55.9,1011.6,False,30.5,87,1.3,3,Japanese Grand Prix,4924.366
0 days 01:23:04.361000,17.8,55.7,1011.6,False,30.7,140,0.6,3,Japanese Grand Prix,4984.361
0 days 01:24:04.365000,18.1,55.4,1011.6,False,30.6,153,2.5,3,Japanese Grand Prix,5044.365
0 days 01:25:04.359000,17.8,55.6,1011.7,False,30.0,100,1.5,3,Japanese Grand Prix,5104.359
0 days 01:26:04.360000,17.9,57.1,1011.7,False,30.4,140,0.9,3,Japanese Grand Prix,5164.36
0 days 01:27:04.370000,17.9,57.3,1011.7,False,30.5,9,0.5,3,Japanese Grand Prix,5224.37
0 days 01:28:04.359000,18.0,57.2,1011.7,False,30.8,133,0.9,3,Japanese Grand Prix,5284.359
0 days 01:29:04.362000,18.0,56.5,1011.7,False,30.9,129,1.1,3,Japanese Grand Prix,5344.362
0 days 01:30:04.361000,18.0,56.6,1011.7,False,29.6,83,2.0,3,Japanese Grand Prix,5404.361
0 days 01:31:04.359000,18.0,56.6,1011.8,False,30.2,104,0.9,3,Japanese Grand Prix,5464.359
0 days 01:32:04.368000,17.9,57.4,1011.8,False,30.8,91,0.8,3,Japanese Grand Prix,5524.368
0 days 01:33:04.362000,17.9,56.8,1011.7,False,30.5,38,0.9,3,Japanese Grand Prix,5584.362
0 days 01:34:04.374000,17.9,57.3,1011.8,False,30.2,81,1.3,3,Japanese Grand Prix,5644.374
0 days 01:35:04.384000,17.9,57.8,1011.7,False,30.9,110,0.9,3,Japanese Grand Prix,5704.384
0 days 01:36:04.398000,18.0,57.6,1011.8,False,30.5,146,1.4,3,Japanese Grand Prix,5764.398
0 days 01:37:04.413000,18.0,57.9,1011.7,False,30.6,128,1.5,3,Japanese Grand Prix,5824.413
0 days 01:38:04.412000,17.8,59.2,1011.8,False,30.2,113,1.9,3,Japanese Grand Prix,5884.412
0 days 01:39:04.431000,17.7,59.7,1011.7,False,30.3,134,2.8,3,Japanese Grand Prix,5944.431
0 days 01:40:04.416000,17.6,59.8,1011.8,False,30.0,107,1.5,3,Japanese Grand Prix,6004.416
0 days 01:41:04.421000,17.4,61.3,1011.8,False,29.9,122,1.8,3,Japanese Grand Prix,6064.421
0 days 01:42:04.418000,17.4,61.5,1011.8,False,30.0,133,0.9,3,Japanese Grand Prix,6124.418
0 days 01:43:04.419000,17.3,62.5,1011.8,False,29.8,57,0.3,3,Japanese Grand Prix,6184.419
0 days 01:44:04.425000,17.3,62.8,1011.8,False,30.0,0,0.0,3,Japanese Grand Prix,6244.425
0 days 01:45:04.422000,17.3,61.8,1011.8,False,29.7,136,1.9,3,Japanese Grand Prix,6304.422
0 days 01:46:04.417000,17.3,60.9,1011.8,False,29.2,100,1.2,3,Japanese Grand Prix,6364.417
-1 days +23:06:48.460000,25.7,76.2,1016.2,False,34.9,162,1.5,4,Miami Grand Prix,-3191.54
-1 days +23:07:48.447000,25.7,76.4,1016.2,False,35.0,95,0.7,4,Miami Grand Prix,-3131.553
-1 days +23:08:48.456000,25.8,75.9,1016.2,False,34.7,33,0.6,4,Miami Grand Prix,-3071.544
-1 days +23:09:48.450000,25.9,75.9,1016.2,False,35.3,30,1.1,4,Miami Grand Prix,-3011.55
-1 days +23:10:48.460000,25.9,76.7,1016.2,False,35.2,79,0.8,4,Miami Grand Prix,-2951.54
-1 days +23:11:48.460000,26.0,76.3,1016.1,False,35.5,76,1.5,4,Miami Grand Prix,-2891.54
-1 days +23:12:48.469000,25.8,76.0,1016.2,False,35.4,0,0.0,4,Miami Grand Prix,-2831.531
-1 days +23:13:48.451000,25.9,76.6,1016.2,False,35.0,139,1.4,4,Miami Grand Prix,-2771.549
-1 days +23:14:48.463000,25.8,75.9,1016.2,False,35.3,92,0.6,4,Miami Grand Prix,-2711.537
-1 days +23:15:48.457000,25.8,75.9,1016.1,False,34.9,57,0.9,4,Miami Grand Prix,-2651.543
-1 days +23:16:48.461000,25.7,76.4,1016.1,False,35.2,144,0.7,4,Miami Grand Prix,-2591.539
-1 days +23:17:48.466000,25.8,75.8,1016.2,False,35.3,150,0.6,4,Miami Grand Prix,-2531.534
-1 days +23:18:48.462000,26.0,73.4,1016.1,False,33.8,151,3.0,4,Miami Grand Prix,-2471.538
-1 days +23:19:48.467000,26.1,74.1,1016.1,False,34.4,155,2.4,4,Miami Grand Prix,-2411.533
-1 days +23:20:48.457000,26.0,74.6,1016.1,False,34.3,162,1.4,4,Miami Grand Prix,-2351.543
-1 days +23:21:48.469000,26.0,75.1,1016.1,False,34.9,166,0.6,4,Miami Grand Prix,-2291.531
-1 days +23:22:48.460000,26.1,75.7,1016.0,False,35.3,128,0.9,4,Miami Grand Prix,-2231.54
-1 days +23:23:48.472000001,26.1,74.6,1016.0,False,35.5,149,0.6,4,Miami Grand Prix,-2171.527999999
-1 days +23:24:48.458000,26.1,73.9,1016.0,False,35.5,134,1.7,4,Miami Grand Prix,-2111.542
-1 days +23:25:48.485000001,26.4,72.5,1016.0,False,35.8,53,0.9,4,Miami Grand Prix,-2051.514999999
-1 days +23:26:48.467000,26.4,72.9,1016.0,False,35.8,44,0.4,4,Miami Grand Prix,-1991.533
-1 days +23:27:48.461000,26.5,72.4,1016.0,False,35.2,42,0.5,4,Miami Grand Prix,-1931.539
-1 days +23:28:48.475000,26.5,72.6,1016.0,False,35.8,26,0.3,4,Miami Grand Prix,-1871.525
-1 days +23:29:48.477000,26.5,73.7,1016.0,False,35.8,141,0.4,4,Miami Grand Prix,-1811.523
-1 days +23:30:48.470000,26.5,72.6,1015.9,False,35.6,125,2.7,4,Miami Grand Prix,-1751.53
-1 days +23:31:48.477000,26.4,72.0,1015.9,False,34.8,117,2.5,4,Miami Grand Prix,-1691.523
-1 days +23:32:48.478000,26.4,73.6,1015.9,False,35.8,141,1.1,4,Miami Grand Prix,-1631.522
-1 days +23:33:48.479000,26.4,72.3,1015.8,False,35.6,145,1.1,4,Miami Grand Prix,-1571.521
-1 days +23:34:48.473000,26.4,70.9,1015.8,False,35.7,78,0.6,4,Miami Grand Prix,-1511.527
-1 days +23:35:48.479000,26.5,70.4,1015.8,False,33.5,152,3.2,4,Miami Grand Prix,-1451.521
-1 days +23:36:48.470000,26.5,70.5,1015.8,False,35.5,139,1.0,4,Miami Grand Prix,-1391.53
-1 days +23:37:48.479000,26.4,70.7,1015.8,False,35.5,134,2.1,4,Miami Grand Prix,-1331.521
-1 days +23:38:48.486000,26.3,71.2,1015.8,False,34.4,166,1.5,4,Miami Grand Prix,-1271.514
-1 days +23:39:48.482000,26.3,71.4,1015.8,False,34.7,161,0.7,4,Miami Grand Prix,-1211.518
-1 days +23:40:48.483000,26.3,72.6,1015.8,False,35.4,121,0.9,4,Miami Grand Prix,-1151.517
-1 days +23:41:48.472000,26.4,71.9,1015.9,False,35.6,161,0.9,4,Miami Grand Prix,-1091.528
-1 days +23:42:48.472000,26.4,72.0,1016.0,False,35.9,92,0.8,4,Miami Grand Prix,-1031.528
-1 days +23:43:48.487000,26.4,71.8,1015.9,False,35.7,85,1.4,4,Miami Grand Prix,-971.513
-1 days +23:44:48.500000,26.2,72.2,1015.9,False,35.6,72,0.8,4,Miami Grand Prix,-911.5
-1 days +23:45:48.495000,26.3,73.0,1015.8,False,35.4,15,1.0,4,Miami Grand Prix,-851.505
-1 days +23:46:48.501000,26.3,72.7,1015.9,False,35.4,135,0.6,4,Miami Grand Prix,-791.499
-1 days +23:47:48.501000,26.3,72.9,1015.8,False,36.0,57,0.8,4,Miami Grand Prix,-731.499
-1 days +23:48:48.501000,26.3,73.8,1015.7,False,35.9,165,0.9,4,Miami Grand Prix,-671.499
-1 days +23:49:48.518000,26.3,72.5,1015.8,False,35.8,145,1.5,4,Miami Grand Prix,-611.482
-1 days +23:50:48.536000,26.1,73.1,1015.7,False,36.1,0,0.0,4,Miami Grand Prix,-551.464
-1 days +23:51:48.538000,26.4,72.1,1015.8,False,35.9,114,1.0,4,Miami Grand Prix,-491.462
-1 days +23:52:48.555000,26.4,72.7,1015.8,False,35.4,75,1.1,4,Miami Grand Prix,-431.445
-1 days +23:53:48.550000,26.4,72.8,1015.9,False,35.2,271,0.5,4,Miami Grand Prix,-371.45
-1 days +23:54:48.553000,26.3,72.3,1015.8,False,35.8,0,0.0,4,Miami Grand Prix,-311.447
-1 days +23:55:48.558000,26.5,72.0,1015.9,False,34.9,269,1.5,4,Miami Grand Prix,-251.442
-1 days +23:56:48.589000,26.6,70.6,1015.9,False,35.6,299,1.5,4,Miami Grand Prix,-191.411
-1 days +23:57:48.592000001,26.6,70.9,1015.9,False,35.8,279,1.6,4,Miami Grand Prix,-131.407999999
-1 days +23:58:48.595000,26.6,71.8,1015.8,False,35.5,310,0.8,4,Miami Grand Prix,-71.405
-1 days +23:59:48.620000,26.5,72.2,1015.9,False,35.7,41,0.4,4,Miami Grand Prix,-11.38
0 days 00:00:48.616000,26.6,71.9,1015.9,False,35.9,69,0.5,4,Miami Grand Prix,48.616
0 days 00:01:48.616000,26.5,72.5,1015.9,False,35.9,0,0.0,4,Miami Grand Prix,108.616
0 days 00:02:48.624000,26.6,73.0,1015.9,False,36.2,268,0.6,4,Miami Grand Prix,168.624
0 days 00:03:48.621000,26.7,72.8,1015.9,False,36.5,18,0.6,4,Miami Grand Prix,228.621
0 days 00:04:48.617000,26.8,72.8,1015.9,False,36.6,264,1.1,4,Miami Grand Prix,288.617
0 days 00:05:48.634000,26.9,71.7,1016.0,False,36.5,356,0.3,4,Miami Grand Prix,348.634
0 days 00:06:48.644000,26.9,71.3,1015.8,False,36.7,93,0.5,4,Miami Grand Prix,408.644
0 days 00:07:48.622000,27.0,70.4,1015.9,False,36.4,0,0.0,4,Miami Grand Prix,468.622
0 days 00:08:48.618000,27.1,68.9,1015.8,False,36.4,273,2.0,4,Miami Grand Prix,528.618
0 days 00:09:48.636000,27.1,70.1,1015.8,False,37.2,335,1.7,4,Miami Grand Prix,588.636
0 days 00:10:48.630000,27.2,68.6,1015.9,False,37.4,301,1.0,4,Miami Grand Prix,648.63
0 days 00:11:48.627000,27.2,69.0,1016.0,False,37.4,296,1.8,4,Miami Grand Prix,708.627
0 days 00:12:48.632000,27.2,68.8,1016.0,False,37.1,295,0.6,4,Miami Grand Prix,768.632
0 days 00:13:48.633000,27.3,69.1,1015.9,False,37.8,239,0.8,4,Miami Grand Prix,828.633
0 days 00:14:48.637000,27.4,69.1,1015.8,False,38.3,85,0.5,4,Miami Grand Prix,888.637
0 days 00:15:48.636000,27.4,69.7,1015.9,False,37.6,215,0.5,4,Miami Grand Prix,948.636
0 days 00:16:48.810000,27.4,69.1,1016.0,False,37.9,14,0.7,4,Miami Grand Prix,1008.81
0 days 00:17:48.801999999,27.4,68.5,1015.9,False,38.1,253,0.6,4,Miami Grand Prix,1068.801999999
0 days 00:18:48.819000,27.2,68.6,1016.0,False,38.0,0,0.0,4,Miami Grand Prix,1128.819
0 days 00:19:48.808000,27.1,68.6,1016.0,False,39.4,221,0.5,4,Miami Grand Prix,1188.808
0 days 00:20:48.810000,27.2,69.0,1016.0,False,40.7,291,1.8,4,Miami Grand Prix,1248.81
0 days 00:21:48.810000,27.3,68.3,1015.9,False,40.8,161,0.5,4,Miami Grand Prix,1308.81
0 days 00:22:48.817000,27.5,68.7,1015.9,False,40.9,177,0.5,4,Miami Grand Prix,1368.817
0 days 00:23:48.828000,27.5,69.5,1015.9,False,42.3,119,0.5,4,Miami Grand Prix,1428.828
0 days 00:24:48.827000,27.5,69.4,1015.8,False,42.2,184,1.1,4,Miami Grand Prix,1488.827
0 days 00:25:48.840000,27.5,69.6,1015.8,False,42.0,359,1.5,4,Miami Grand Prix,1548.84
0 days 00:26:48.862000,27.7,69.6,1015.8,False,41.7,121,0.5,4,Miami Grand Prix,1608.862
0 days 00:27:48.869000,27.8,67.9,1015.9,False,41.0,86,1.2,4,Miami Grand Prix,1668.869
0 days 00:28:48.899000,27.8,67.2,1015.8,False,40.9,317,3.9,4,Miami Grand Prix,1728.899
0 days 00:29:48.892000,27.8,67.5,1015.8,False,41.8,74,2.0,4,Miami Grand Prix,1788.892
0 days 00:30:48.899000,27.8,67.4,1015.8,False,41.1,158,0.5,4,Miami Grand Prix,1848.899
0 days 00:31:48.903000,27.8,66.5,1015.8,False,41.2,318,2.5,4,Miami Grand Prix,1908.903
0 days 00:32:48.883000,27.9,67.2,1015.7,False,40.9,285,1.1,4,Miami Grand Prix,1968.883
0 days 00:33:48.895000,27.9,68.1,1015.8,False,40.0,275,1.2,4,Miami Grand Prix,2028.895
0 days 00:34:48.900999999,27.9,67.1,1015.8,False,38.6,278,0.7,4,Miami Grand Prix,2088.900999999
0 days 00:35:48.904000,27.9,67.5,1015.7,False,39.3,59,1.1,4,Miami Grand Prix,2148.904
0 days 00:36:48.888000,27.9,68.5,1015.7,False,38.6,0,0.0,4,Miami Grand Prix,2208.888
0 days 00:37:48.904000,27.9,68.8,1015.8,False,38.7,269,1.3,4,Miami Grand Prix,2268.904
0 days 00:38:48.903000,27.9,67.6,1015.8,False,38.4,314,0.9,4,Miami Grand Prix,2328.903
0 days 00:39:48.919000,27.8,67.8,1015.8,False,37.4,177,1.2,4,Miami Grand Prix,2388.919
0 days 00:40:48.916000,27.8,68.0,1015.8,False,37.7,201,0.4,4,Miami Grand Prix,2448.916
0 days 00:41:48.963000,27.7,67.8,1015.8,False,36.8,260,0.8,4,Miami Grand Prix,2508.963
0 days 00:42:48.935000,27.5,68.2,1015.8,False,37.2,273,1.0,4,Miami Grand Prix,2568.935
0 days 00:43:48.935000,27.5,68.6,1015.8,False,37.0,262,1.6,4,Miami Grand Prix,2628.935
0 days 00:44:48.953000,27.6,68.6,1015.8,False,36.5,217,1.1,4,Miami Grand Prix,2688.953
0 days 00:45:48.956000,27.5,69.2,1015.7,False,37.0,272,1.3,4,Miami Grand Prix,2748.956
0 days 00:46:48.984000,27.5,68.8,1015.7,False,37.0,336,0.6,4,Miami Grand Prix,2808.984
0 days 00:47:48.998000,27.5,68.7,1015.7,False,37.4,349,1.7,4,Miami Grand Prix,2868.998
0 days 00:48:49.001000,27.6,67.9,1015.7,False,36.8,331,0.9,4,Miami Grand Prix,2929.001
0 days 00:49:48.999000,27.6,68.5,1015.6,False,37.5,302,0.9,4,Miami Grand Prix,2988.999
0 days 00:50:49.002000,27.7,67.4,1015.6,False,37.3,334,2.4,4,Miami Grand Prix,3049.002
0 days 00:51:48.999000,27.8,67.4,1015.6,False,37.4,273,0.4,4,Miami Grand Prix,3108.999
0 days 00:52:49.005000,27.8,66.9,1015.6,False,37.8,268,2.1,4,Miami Grand Prix,3169.005
0 days 00:53:49.001000,27.8,66.9,1015.5,False,38.0,260,0.8,4,Miami Grand Prix,3229.001
0 days 00:54:48.985000,27.8,66.8,1015.5,False,38.3,245,0.8,4,Miami Grand Prix,3288.985
0 days 00:55:49.001000,27.9,66.4,1015.4,False,38.8,0,0.0,4,Miami Grand Prix,3349.001
0 days 00:56:49.001000,27.9,66.6,1015.4,False,39.1,301,1.0,4,Miami Grand Prix,3409.001
0 days 00:57:49.011000,28.0,66.6,1015.4,False,38.9,278,1.7,4,Miami Grand Prix,3469.011
0 days 00:58:49.007000,27.9,67.0,1015.4,False,39.0,262,1.7,4,Miami Grand Prix,3529.007
0 days 00:59:49.010000,27.9,66.8,1015.3,False,38.6,269,0.4,4,Miami Grand Prix,3589.01
0 days 01:00:49.014000,27.9,67.0,1015.3,False,39.0,300,1.1,4,Miami Grand Prix,3649.014
0 days 01:01:49.036000,28.0,66.6,1015.3,False,38.7,240,0.9,4,Miami Grand Prix,3709.036
0 days 01:02:49.044000,27.9,67.1,1015.3,False,38.4,267,1.3,4,Miami Grand Prix,3769.044
0 days 01:03:49.046000,27.8,67.0,1015.4,False,38.3,300,2.4,4,Miami Grand Prix,3829.046
0 days 01:04:49.051000,27.8,68.3,1015.3,False,39.1,0,1.8,4,Miami Grand Prix,3889.051
0 days 01:05:49.043000,27.9,67.7,1015.3,False,39.2,0,0.0,4,Miami Grand Prix,3949.043
0 days 01:06:49.062000,28.0,66.7,1015.3,False,39.3,333,1.8,4,Miami Grand Prix,4009.062
0 days 01:07:49.067000,27.9,67.4,1015.3,False,39.3,316,2.3,4,Miami Grand Prix,4069.067
0 days 01:08:49.082999999,27.9,65.9,1015.3,False,38.4,269,2.4,4,Miami Grand Prix,4129.082999999
0 days 01:09:49.087000,27.9,66.7,1015.4,False,38.5,271,2.3,4,Miami Grand Prix,4189.087
0 days 01:10:49.116000,27.9,67.3,1015.4,False,39.2,271,1.5,4,Miami Grand Prix,4249.116
0 days 01:11:49.118000,28.0,67.7,1015.3,False,39.4,257,0.8,4,Miami Grand Prix,4309.118
0 days 01:12:49.145999999,28.0,67.7,1015.4,False,39.1,348,1.5,4,Miami Grand Prix,4369.145999999
0 days 01:13:49.146000,28.1,67.6,1015.5,False,38.8,268,1.2,4,Miami Grand Prix,4429.146
0 days 01:14:49.144000,28.1,67.4,1015.4,False,38.9,0,0.0,4,Miami Grand Prix,4489.144
0 days 01:15:49.155000,28.1,67.1,1015.4,False,38.2,0,0.0,4,Miami Grand Prix,4549.155
0 days 01:16:49.309000,28.1,67.2,1015.4,False,38.2,262,0.4,4,Miami Grand Prix,4609.309
0 days 01:17:49.302000,27.9,67.5,1015.4,False,38.0,318,1.2,4,Miami Grand Prix,4669.302
0 days 01:18:49.295000,28.0,67.3,1015.4,False,37.6,260,1.3,4,Miami Grand Prix,4729.295
0 days 01:19:49.304000,27.9,67.9,1015.4,False,37.8,278,1.6,4,Miami Grand Prix,4789.304
0 days 01:20:49.312000,27.8,68.6,1015.4,False,37.0,334,2.6,4,Miami Grand Prix,4849.312
0 days 01:21:49.311000,27.8,68.2,1015.3,False,37.6,335,1.1,4,Miami Grand Prix,4909.311
0 days 01:22:49.312000,27.6,68.1,1015.3,False,37.0,192,0.7,4,Miami Grand Prix,4969.312
0 days 01:23:49.311000,27.8,67.4,1015.3,False,36.7,155,1.0,4,Miami Grand Prix,5029.311
0 days 01:24:49.319000,27.7,67.6,1015.2,False,37.1,0,0.0,4,Miami Grand Prix,5089.319
0 days 01:25:49.310000,27.7,68.1,1015.2,False,37.1,52,1.0,4,Miami Grand Prix,5149.31
0 days 01:26:49.308000,27.8,68.4,1015.3,False,37.2,322,0.9,4,Miami Grand Prix,5209.308
0 days 01:27:49.319000,27.8,68.2,1015.1,False,36.3,178,0.9,4,Miami Grand Prix,5269.319
0 days 01:28:49.326000,27.7,68.8,1015.2,False,37.0,256,0.6,4,Miami Grand Prix,5329.326
0 days 01:29:49.321000,27.8,68.9,1015.2,False,37.4,326,0.8,4,Miami Grand Prix,5389.321
0 days 01:30:49.336000,27.8,68.2,1015.2,False,37.2,32,0.4,4,Miami Grand Prix,5449.336
0 days 01:31:49.356000,27.5,68.2,1015.2,False,37.2,32,0.4,4,Miami Grand Prix,5509.356
0 days 01:32:49.383000,27.8,68.3,1015.2,False,37.1,0,0.0,4,Miami Grand Prix,5569.383
0 days 01:33:49.369000,27.8,68.4,1015.1,False,36.9,291,0.4,4,Miami Grand Prix,5629.369
0 days 01:34:49.386000,27.8,68.1,1015.2,False,36.9,347,0.4,4,Miami Grand Prix,5689.386
0 days 01:35:49.386000,27.7,68.2,1015.2,False,37.1,16,0.5,4,Miami Grand Prix,5749.386
0 days 01:36:49.386000,27.7,68.1,1015.2,False,36.7,335,1.8,4,Miami Grand Prix,5809.386
0 days 01:37:49.402000,27.6,69.4,1015.1,False,36.0,141,1.2,4,Miami Grand Prix,5869.402
0 days 01:38:49.403000,27.5,70.7,1015.1,False,34.7,99,1.8,4,Miami Grand Prix,5929.403
0 days 01:39:49.434000,27.4,73.0,1015.1,False,36.0,132,1.0,4,Miami Grand Prix,5989.434
0 days 01:40:49.447000,27.4,72.7,1015.0,False,35.2,153,2.3,4,Miami Grand Prix,6049.447
0 days 01:41:49.445000,27.2,73.9,1015.0,False,35.8,115,2.9,4,Miami Grand Prix,6109.445
0 days 01:42:49.435000,27.1,74.2,1015.0,False,35.2,148,2.6,4,Miami Grand Prix,6169.435
0 days 01:43:50.501000,27.0,74.4,1015.0,False,34.8,141,4.8,4,Miami Grand Prix,6230.501
0 days 01:44:49.451000,26.9,74.5,1014.9,False,35.2,154,2.8,4,Miami Grand Prix,6289.451
0 days 01:45:49.451000,26.9,75.0,1015.0,True,35.3,122,2.7,4,Miami Grand Prix,6349.451
0 days 01:46:49.441000,26.9,74.8,1015.0,False,35.6,131,2.4,4,Miami Grand Prix,6409.441
0 days 01:47:49.452000,27.0,74.2,1015.0,False,35.1,107,1.3,4,Miami Grand Prix,6469.452
0 days 01:48:49.452000,26.9,74.0,1014.9,False,35.1,129,0.9,4,Miami Grand Prix,6529.452
0 days 01:49:49.452000,26.9,72.8,1014.9,False,34.7,154,1.8,4,Miami Grand Prix,6589.452
0 days 01:50:49.444000,26.9,73.6,1014.9,True,35.7,128,0.7,4,Miami Grand Prix,6649.444
0 days 01:51:49.453000,27.0,73.6,1014.8,True,35.6,114,2.5,4,Miami Grand Prix,6709.453
0 days 01:52:49.452000,27.0,73.8,1014.9,False,35.7,167,2.1,4,Miami Grand Prix,6769.452
0 days 01:53:49.457000,27.0,74.0,1014.9,False,36.0,144,2.5,4,Miami Grand Prix,6829.457
-1 days +23:07:46.504000,12.4,74.4,1025.5,False,17.2,185,5.7,5,Canadian Grand Prix,-3133.496
-1 days +23:08:46.501000,12.6,74.4,1025.5,False,17.2,185,5.7,5,Canadian Grand Prix,-3073.499
-1 days +23:09:46.506000,12.6,74.4,1025.5,False,17.2,185,5.7,5,Canadian Grand Prix,-3013.494
-1 days +23:10:46.490000,12.6,74.4,1025.5,False,17.2,185,5.7,5,Canadian Grand Prix,-2953.51
-1 days +23:11:46.503000,12.3,74.4,1025.5,False,17.2,185,5.7,5,Canadian Grand Prix,-2893.497
-1 days +23:12:46.497000,12.6,74.4,1025.5,False,17.2,185,5.7,5,Canadian Grand Prix,-2833.503
-1 days +23:13:46.510000,12.5,74.4,1025.5,False,17.2,185,5.7,5,Canadian Grand Prix,-2773.49
-1 days +23:14:46.511000,12.4,74.4,1025.5,False,17.2,185,5.7,5,Canadian Grand Prix,-2713.489
-1 days +23:15:46.527000,12.5,74.4,1025.5,False,17.2,185,5.7,5,Canadian Grand Prix,-2653.473
-1 days +23:16:46.536000,12.4,74.4,1025.5,False,17.2,185,5.7,5,Canadian Grand Prix,-2593.464
-1 days +23:17:46.555000,12.7,75.8,1025.4,False,16.9,169,6.2,5,Canadian Grand Prix,-2533.445
-1 days +23:18:46.540000,12.5,74.9,1025.3,False,17.1,193,4.1,5,Canadian Grand Prix,-2473.46
-1 days +23:19:46.549000,12.5,74.7,1025.4,False,17.1,194,4.3,5,Canadian Grand Prix,-2413.451
-1 days +23:20:46.556000,12.6,73.9,1025.4,False,17.0,185,4.6,5,Canadian Grand Prix,-2353.444
-1 days +23:21:46.565000,12.3,73.9,1025.4,False,17.0,185,4.6,5,Canadian Grand Prix,-2293.435
-1 days +23:22:46.563000,12.4,73.9,1025.4,False,17.0,185,4.6,5,Canadian Grand Prix,-2233.437
-1 days +23:23:46.579000001,12.5,73.9,1025.4,False,17.0,185,4.6,5,Canadian Grand Prix,-2173.420999999
-1 days +23:24:46.574000,12.4,73.9,1025.4,False,17.0,185,4.6,5,Canadian Grand Prix,-2113.426
-1 days +23:25:46.586000,12.5,73.9,1025.4,False,17.0,185,4.6,5,Canadian Grand Prix,-2053.414
-1 days +23:26:46.605000,12.5,73.9,1025.4,False,17.0,185,4.6,5,Canadian Grand Prix,-1993.395
-1 days +23:27:46.602000,12.4,73.9,1025.4,False,17.0,185,4.6,5,Canadian Grand Prix,-1933.398
-1 days +23:28:46.621000,12.4,73.9,1025.4,False,17.0,185,4.6,5,Canadian Grand Prix,-1873.379
-1 days +23:29:46.634000,12.8,73.2,1025.2,False,17.5,188,4.3,5,Canadian Grand Prix,-1813.366
-1 days +23:30:46.644000,12.6,72.9,1025.2,False,17.9,168,3.5,5,Canadian Grand Prix,-1753.356
-1 days +23:31:46.648000,12.9,71.9,1025.2,False,17.6,193,4.9,5,Canadian Grand Prix,-1693.352
-1 days +23:32:46.648000,12.4,71.9,1025.2,False,17.6,193,4.9,5,Canadian Grand Prix,-1633.352
-1 days +23:33:46.636000,12.8,72.4,1025.2,False,17.0,200,4.4,5,Canadian Grand Prix,-1573.364
-1 days +23:34:46.637000,12.4,72.4,1025.2,False,17.0,200,4.4,5,Canadian Grand Prix,-1513.363
-1 days +23:35:46.667000,12.4,72.4,1025.2,False,17.0,200,4.4,5,Canadian Grand Prix,-1453.333
-1 days +23:36:46.650000,12.4,72.4,1025.2,False,17.0,200,4.4,5,Canadian Grand Prix,-1393.35
-1 days +23:37:46.656000,12.3,72.4,1025.2,False,17.0,200,4.4,5,Canadian Grand Prix,-1333.344
-1 days +23:38:46.663000,12.2,72.4,1025.2,False,17.0,200,4.4,5,Canadian Grand Prix,-1273.337
-1 days +23:39:46.664000,12.3,72.4,1025.2,False,17.0,200,4.4,5,Canadian Grand Prix,-1213.336
-1 days +23:40:46.667000,12.3,72.4,1025.2,False,17.0,200,4.4,5,Canadian Grand Prix,-1153.333
-1 days +23:41:46.674000,12.5,75.3,1025.1,False,16.3,180,5.4,5,Canadian Grand Prix,-1093.326
-1 days +23:42:46.675000,12.3,76.4,1025.1,False,16.5,185,2.7,5,Canadian Grand Prix,-1033.325
-1 days +23:43:46.689000,12.6,76.8,1025.0,False,16.8,179,4.1,5,Canadian Grand Prix,-973.311
-1 days +23:44:46.708000,12.3,76.8,1025.0,False,16.8,179,4.1,5,Canadian Grand Prix,-913.292
-1 days +23:45:46.708000,12.3,76.8,1025.0,False,16.8,179,4.1,5,Canadian Grand Prix,-853.292
-1 days +23:46:46.708000,12.3,76.8,1025.0,False,16.8,179,4.1,5,Canadian Grand Prix,-793.292
-1 days +23:47:46.710000,12.3,76.8,1025.0,False,16.8,179,4.1,5,Canadian Grand Prix,-733.29
-1 days +23:48:46.700000,12.7,77.1,1024.7,False,16.7,196,3.3,5,Canadian Grand Prix,-673.3
-1 days +23:49:46.702000,12.6,77.6,1024.7,False,16.7,184,3.8,5,Canadian Grand Prix,-613.298
-1 days +23:50:46.709000,12.2,77.6,1024.7,False,16.7,184,3.8,5,Canadian Grand Prix,-553.291
-1 days +23:51:46.715000,12.2,77.6,1024.7,False,16.7,184,3.8,5,Canadian Grand Prix,-493.285
-1 days +23:52:46.710000,12.4,78.9,1024.5,False,17.3,198,2.7,5,Canadian Grand Prix,-433.29
-1 days +23:53:46.706000,12.4,78.0,1024.5,False,17.2,194,3.5,5,Canadian Grand Prix,-373.294
-1 days +23:54:46.717000,12.4,78.8,1024.5,False,17.2,192,3.4,5,Canadian Grand Prix,-313.283
-1 days +23:55:46.742000,12.4,78.3,1024.5,False,16.7,196,3.9,5,Canadian Grand Prix,-253.258
-1 days +23:56:46.758000,12.3,78.6,1024.6,False,16.9,187,2.5,5,Canadian Grand Prix,-193.242
-1 days +23:57:46.761000,12.5,78.6,1024.6,False,16.9,187,2.5,5,Canadian Grand Prix,-133.239
-1 days +23:58:46.759000,12.4,79.2,1024.5,False,17.2,189,2.3,5,Canadian Grand Prix,-73.241
-1 days +23:59:46.772000,12.5,79.2,1024.5,False,17.2,189,2.3,5,Canadian Grand Prix,-13.228
0 days 00:00:46.800000,12.5,78.4,1024.5,False,17.1,206,2.7,5,Canadian Grand Prix,46.8
0 days 00:01:46.795000,12.5,78.1,1024.6,False,17.1,201,2.5,5,Canadian Grand Prix,106.795
0 days 00:02:46.792000,12.5,77.2,1024.5,False,17.1,197,2.8,5,Canadian Grand Prix,166.792
0 days 00:03:46.798000,12.3,77.2,1024.5,False,17.1,197,2.8,5,Canadian Grand Prix,226.798
0 days 00:04:46.812000,12.5,76.8,1024.4,False,17.1,193,3.3,5,Canadian Grand Prix,286.812
0 days 00:05:46.821000,12.4,76.7,1024.4,False,16.9,181,3.5,5,Canadian Grand Prix,346.821
0 days 00:06:46.834000,12.4,76.4,1024.5,False,17.2,193,1.8,5,Canadian Grand Prix,406.834
0 days 00:07:46.844000,12.7,77.4,1024.6,False,17.1,191,1.9,5,Canadian Grand Prix,466.844
0 days 00:08:46.854000,12.3,77.4,1024.6,False,17.1,191,1.9,5,Canadian Grand Prix,526.854
0 days 00:09:46.847000,12.5,77.0,1024.6,False,16.9,191,2.0,5,Canadian Grand Prix,586.847
0 days 00:10:46.852000,12.2,77.0,1024.6,False,16.9,191,2.0,5,Canadian Grand Prix,646.852
0 days 00:11:46.858000,12.2,77.0,1024.6,False,16.9,191,2.0,5,Canadian Grand Prix,706.858
0 days 00:12:46.874000,12.1,77.0,1024.6,False,16.9,191,2.0,5,Canadian Grand Prix,766.874
0 days 00:13:46.893000,12.5,76.6,1024.5,False,17.3,325,1.6,5,Canadian Grand Prix,826.893
0 days 00:14:46.887000,12.4,76.6,1024.5,False,17.3,325,1.6,5,Canadian Grand Prix,886.887
0 days 00:15:46.890000,12.3,76.3,1024.4,False,17.1,202,3.1,5,Canadian Grand Prix,946.89
0 days 00:16:46.916000,12.2,76.3,1024.4,False,17.1,202,3.1,5,Canadian Grand Prix,1006.916
0 days 00:17:46.920000,12.2,76.3,1024.4,False,17.1,202,3.1,5,Canadian Grand Prix,1066.92
0 days 00:18:46.923000,12.5,76.0,1024.3,False,17.8,283,1.5,5,Canadian Grand Prix,1126.923
0 days 00:19:46.938000,12.6,76.0,1024.3,False,17.8,283,1.5,5,Canadian Grand Prix,1186.938
0 days 00:20:46.931000,12.3,76.0,1024.3,False,17.8,283,1.5,5,Canadian Grand Prix,1246.931
0 days 00:21:46.924000,12.4,76.0,1024.3,False,17.8,283,1.5,5,Canadian Grand Prix,1306.924
0 days 00:22:46.937000,12.4,76.0,1024.3,False,17.8,283,1.5,5,Canadian Grand Prix,1366.937
0 days 00:23:46.934000,12.5,76.0,1024.3,False,17.8,283,1.5,5,Canadian Grand Prix,1426.934
0 days 00:24:46.940000,13.1,74.4,1024.0,False,18.1,246,1.5,5,Canadian Grand Prix,1486.94
0 days 00:25:46.931000,12.7,73.4,1023.9,False,18.4,298,1.7,5,Canadian Grand Prix,1546.931
0 days 00:26:46.926000,12.6,73.4,1023.9,False,18.4,298,1.7,5,Canadian Grand Prix,1606.926
0 days 00:27:46.939000,12.9,73.1,1023.9,False,18.4,280,1.4,5,Canadian Grand Prix,1666.939
0 days 00:28:46.936000,12.8,72.3,1024.0,False,18.0,225,0.9,5,Canadian Grand Prix,1726.936
0 days 00:29:46.930000,12.7,72.3,1024.0,False,18.0,225,0.9,5,Canadian Grand Prix,1786.93
0 days 00:30:46.944000,12.9,72.3,1024.0,False,18.0,225,0.9,5,Canadian Grand Prix,1846.944
0 days 00:31:46.943000,12.8,72.4,1023.9,False,18.4,264,1.6,5,Canadian Grand Prix,1906.943
0 days 00:32:46.943000,12.9,72.0,1023.9,False,18.4,169,2.0,5,Canadian Grand Prix,1966.943
0 days 00:33:46.941000,12.7,72.0,1023.9,False,18.4,169,2.0,5,Canadian Grand Prix,2026.941
0 days 00:34:46.938000,12.7,72.0,1023.9,False,18.4,169,2.0,5,Canadian Grand Prix,2086.938
0 days 00:35:46.945000,12.8,72.0,1023.9,False,18.4,169,2.0,5,Canadian Grand Prix,2146.945
0 days 00:36:46.929000,13.0,70.9,1024.0,False,18.2,229,0.9,5,Canadian Grand Prix,2206.929
0 days 00:37:46.936000,13.3,71.0,1024.0,False,18.3,252,1.8,5,Canadian Grand Prix,2266.936
0 days 00:38:46.931000,12.9,71.0,1024.0,False,18.3,252,1.8,5,Canadian Grand Prix,2326.931
0 days 00:39:46.945000,13.1,71.0,1024.0,False,18.3,194,0.9,5,Canadian Grand Prix,2386.945
0 days 00:40:46.943000,12.8,71.0,1024.0,False,18.3,194,0.9,5,Canadian Grand Prix,2446.943
0 days 00:41:46.950000,12.8,71.0,1024.0,False,18.3,194,0.9,5,Canadian Grand Prix,2506.95
0 days 00:42:46.950000,12.8,71.0,1024.0,False,18.3,194,0.9,5,Canadian Grand Prix,2566.95
0 days 00:43:46.938000,12.9,71.0,1024.0,False,18.3,194,0.9,5,Canadian Grand Prix,2626.938
0 days 00:44:46.942000,12.9,71.0,1024.0,False,18.3,194,0.9,5,Canadian Grand Prix,2686.942
0 days 00:45:46.949000,13.2,68.0,1024.0,False,18.4,170,4.5,5,Canadian Grand Prix,2746.949
0 days 00:46:46.955000,13.4,67.5,1024.0,False,18.1,188,4.5,5,Canadian Grand Prix,2806.955
0 days 00:47:46.949000,13.4,67.8,1023.9,False,18.3,184,1.9,5,Canadian Grand Prix,2866.949
0 days 00:48:46.950000,13.0,67.8,1023.9,False,18.3,184,1.9,5,Canadian Grand Prix,2926.95
0 days 00:49:46.952000,13.5,68.2,1023.8,False,18.5,179,1.5,5,Canadian Grand Prix,2986.952
0 days 00:50:46.960000,13.3,68.9,1023.7,False,18.3,193,1.7,5,Canadian Grand Prix,3046.96
0 days 00:51:46.960000,13.3,69.2,1024.0,False,18.4,176,2.4,5,Canadian Grand Prix,3106.96
0 days 00:52:46.961000,13.1,69.2,1024.0,False,18.4,176,2.4,5,Canadian Grand Prix,3166.961
0 days 00:53:46.959000,13.3,69.6,1023.7,False,18.6,202,3.0,5,Canadian Grand Prix,3226.959
0 days 00:54:46.961000,13.1,69.6,1023.7,False,18.6,202,3.0,5,Canadian Grand Prix,3286.961
0 days 00:55:46.961000,13.4,67.9,1023.7,False,18.9,244,1.0,5,Canadian Grand Prix,3346.961
0 days 00:56:46.946000,13.2,67.9,1023.7,False,18.9,244,1.0,5,Canadian Grand Prix,3406.946
0 days 00:57:46.962000,13.1,67.9,1023.7,False,18.9,244,1.0,5,Canadian Grand Prix,3466.962
0 days 00:58:46.948000,13.5,66.7,1023.6,False,19.1,239,0.7,5,Canadian Grand Prix,3526.948
0 days 00:59:46.960000,13.3,66.7,1023.6,False,19.1,239,0.7,5,Canadian Grand Prix,3586.96
0 days 01:00:46.965000,13.6,66.2,1023.4,False,19.1,209,2.0,5,Canadian Grand Prix,3646.965
0 days 01:01:46.971000,13.6,66.1,1023.4,False,19.0,199,1.3,5,Canadian Grand Prix,3706.971
0 days 01:02:46.966000,13.1,66.1,1023.4,False,19.0,199,1.3,5,Canadian Grand Prix,3766.966
0 days 01:03:46.983000,13.5,65.6,1023.5,False,18.9,198,2.9,5,Canadian Grand Prix,3826.983
0 days 01:04:46.977000,13.2,65.6,1023.5,False,18.9,198,2.9,5,Canadian Grand Prix,3886.977
0 days 01:05:46.985000,13.7,65.6,1023.4,False,18.8,177,2.5,5,Canadian Grand Prix,3946.985
0 days 01:06:46.993000,13.2,65.6,1023.4,False,18.8,177,2.5,5,Canadian Grand Prix,4006.993
0 days 01:07:47.016000,13.2,65.6,1023.4,False,18.8,177,2.5,5,Canadian Grand Prix,4067.016
0 days 01:08:47.013000,13.2,65.6,1023.4,False,18.8,177,2.5,5,Canadian Grand Prix,4127.013
0 days 01:09:47.010000,13.2,65.6,1023.4,False,18.8,177,2.5,5,Canadian Grand Prix,4187.01
0 days 01:10:47.019000,13.6,66.5,1023.3,False,18.7,187,3.4,5,Canadian Grand Prix,4247.019
0 days 01:11:47.004000,13.5,66.9,1023.4,False,19.0,153,2.5,5,Canadian Grand Prix,4307.004
0 days 01:12:47.018000,13.7,66.4,1023.3,False,18.6,187,4.4,5,Canadian Grand Prix,4367.018
0 days 01:13:47.014000,13.2,66.4,1023.3,False,18.6,187,4.4,5,Canadian Grand Prix,4427.014
0 days 01:14:47.027000,13.5,66.3,1023.4,False,18.7,186,1.3,5,Canadian Grand Prix,4487.027
0 days 01:15:47.028000,13.6,66.4,1023.4,False,18.7,202,2.7,5,Canadian Grand Prix,4547.028
0 days 01:16:47.019000,13.2,66.4,1023.4,False,18.7,202,2.7,5,Canadian Grand Prix,4607.019
0 days 01:17:47.019000,13.5,66.7,1023.3,False,18.9,150,0.9,5,Canadian Grand Prix,4667.019
0 days 01:18:47.010000,13.7,66.3,1023.4,False,18.6,186,2.8,5,Canadian Grand Prix,4727.01
0 days 01:19:47.035000,13.2,66.3,1023.4,False,18.6,186,2.8,5,Canadian Grand Prix,4787.035
0 days 01:20:47.055000,13.6,66.8,1023.3,False,18.6,188,3.3,5,Canadian Grand Prix,4847.055
0 days 01:21:47.064000,13.3,66.8,1023.3,False,18.6,188,3.3,5,Canadian Grand Prix,4907.064
0 days 01:22:47.086000,13.3,66.8,1023.3,False,18.6,188,3.3,5,Canadian Grand Prix,4967.086
0 days 01:23:47.166000,13.4,66.8,1023.3,False,18.6,188,3.3,5,Canadian Grand Prix,5027.166
0 days 01:24:47.154000,13.2,66.8,1023.3,False,18.6,188,3.3,5,Canadian Grand Prix,5087.154
0 days 01:25:47.150000,13.5,66.8,1023.3,False,18.6,188,3.3,5,Canadian Grand Prix,5147.15
0 days 01:26:47.157000,13.2,66.8,1023.3,False,18.6,188,3.3,5,Canadian Grand Prix,5207.157
0 days 01:27:47.151000,13.2,66.8,1023.3,False,18.6,188,3.3,5,Canadian Grand Prix,5267.151
0 days 01:28:47.148000,13.4,66.8,1023.3,False,18.6,188,3.3,5,Canadian Grand Prix,5327.148
0 days 01:29:47.151000,13.4,66.3,1023.2,False,18.7,184,2.8,5,Canadian Grand Prix,5387.151
0 days 01:30:47.154000,13.2,66.3,1023.2,False,18.7,184,2.8,5,Canadian Grand Prix,5447.154
0 days 01:31:47.165000,13.6,66.4,1023.2,False,18.5,189,2.6,5,Canadian Grand Prix,5507.165
0 days 01:32:47.181000,13.6,66.4,1023.2,False,18.5,189,2.6,5,Canadian Grand Prix,5567.181
0 days 01:33:47.208000,13.5,65.4,1023.1,False,18.4,181,4.9,5,Canadian Grand Prix,5627.208
0 days 01:34:47.217000,13.7,65.8,1023.1,False,18.7,171,1.7,5,Canadian Grand Prix,5687.217
0 days 01:35:47.238000,13.1,65.8,1023.1,False,18.7,171,1.7,5,Canadian Grand Prix,5747.238
0 days 01:36:47.238000,13.2,65.8,1023.1,False,18.7,171,1.7,5,Canadian Grand Prix,5807.238
0 days 01:37:47.236000,13.2,65.8,1023.1,False,18.7,171,1.7,5,Canadian Grand Prix,5867.236
0 days 01:38:47.242000,13.5,66.0,1023.1,False,17.9,223,3.0,5,Canadian Grand Prix,5927.242
0 days 01:39:47.237000,13.2,66.0,1023.1,False,17.9,223,3.0,5,Canadian Grand Prix,5987.237
0 days 01:40:47.240000,13.4,66.3,1023.0,False,18.2,185,3.4,5,Canadian Grand Prix,6047.24
0 days 01:41:47.231000,13.3,66.3,1023.0,False,18.2,185,3.4,5,Canadian Grand Prix,6107.231
0 days 01:42:47.250000,13.4,66.8,1023.1,False,18.1,184,2.8,5,Canadian Grand Prix,6167.25
0 days 01:43:47.235000,13.5,66.9,1023.0,False,17.8,168,5.4,5,Canadian Grand Prix,6227.235
0 days 01:44:47.235000,13.4,66.9,1023.0,False,17.8,168,5.4,5,Canadian Grand Prix,6287.235
0 days 01:45:47.239000,13.3,66.9,1023.0,False,17.8,168,5.4,5,Canadian Grand Prix,6347.239
0 days 01:46:47.243000,13.4,67.8,1023.1,False,18.0,183,3.1,5,Canadian Grand Prix,6407.243
-1 days +23:08:17.050000,23.3,64.7,1022.1,False,33.1,244,0.5,6,Monaco Grand Prix,-3102.95
-1 days +23:09:17.067000,23.4,64.1,1022.0,False,34.0,0,0.0,6,Monaco Grand Prix,-3042.933
-1 days +23:10:17.052000,23.0,64.1,1022.0,False,34.0,0,0.0,6,Monaco Grand Prix,-2982.948
-1 days +23:11:17.047000,23.3,63.5,1022.1,False,34.4,0,0.0,6,Monaco Grand Prix,-2922.953
-1 days +23:12:17.049000,23.5,63.7,1022.1,False,35.1,131,0.5,6,Monaco Grand Prix,-2862.951
-1 days +23:13:17.049000,23.4,63.4,1022.1,False,35.4,0,0.0,6,Monaco Grand Prix,-2802.951
-1 days +23:14:17.054000,23.4,63.4,1022.1,False,35.4,0,0.0,6,Monaco Grand Prix,-2742.946
-1 days +23:15:17.055000,23.8,62.6,1022.0,False,34.3,340,1.4,6,Monaco Grand Prix,-2682.945
-1 days +23:16:17.059000,22.9,62.6,1022.0,False,34.3,340,1.4,6,Monaco Grand Prix,-2622.941
-1 days +23:17:17.075000,23.8,64.5,1022.0,False,36.6,153,0.7,6,Monaco Grand Prix,-2562.925
-1 days +23:18:17.050000,23.8,64.5,1022.0,False,36.6,153,0.7,6,Monaco Grand Prix,-2502.95
-1 days +23:19:17.062000,24.0,64.1,1022.0,False,37.5,53,0.5,6,Monaco Grand Prix,-2442.938
-1 days +23:20:17.057000,24.0,64.1,1022.0,False,37.5,53,0.5,6,Monaco Grand Prix,-2382.943
-1 days +23:21:17.063000,23.1,64.1,1022.0,False,37.5,53,0.5,6,Monaco Grand Prix,-2322.937
-1 days +23:22:17.063000,23.3,62.5,1022.0,False,38.2,0,0.0,6,Monaco Grand Prix,-2262.937
-1 days +23:23:17.064000,23.3,62.5,1022.0,False,38.2,0,0.0,6,Monaco Grand Prix,-2202.936
-1 days +23:24:17.055000,23.5,61.5,1022.0,False,36.1,0,0.0,6,Monaco Grand Prix,-2142.945
-1 days +23:25:17.060000,23.5,61.5,1022.0,False,36.1,0,0.0,6,Monaco Grand Prix,-2082.94
-1 days +23:26:17.065000,23.8,59.1,1022.0,False,37.6,333,0.5,6,Monaco Grand Prix,-2022.935
-1 days +23:27:17.063000,22.6,59.0,1021.9,False,36.2,144,0.5,6,Monaco Grand Prix,-1962.937
-1 days +23:28:17.068000,22.6,59.0,1021.9,False,36.2,144,0.5,6,Monaco Grand Prix,-1902.932
-1 days +23:29:17.058000,22.8,61.2,1021.9,False,36.9,210,1.2,6,Monaco Grand Prix,-1842.942
-1 days +23:30:17.067000,23.0,61.2,1021.9,False,36.9,210,1.2,6,Monaco Grand Prix,-1782.933
-1 days +23:31:17.087000,23.0,61.2,1021.9,False,36.9,210,1.2,6,Monaco Grand Prix,-1722.913
-1 days +23:32:17.071000,24.3,59.3,1021.9,False,34.5,119,0.4,6,Monaco Grand Prix,-1662.929
-1 days +23:33:17.072000,23.7,59.3,1021.9,False,34.5,119,0.4,6,Monaco Grand Prix,-1602.928
-1 days +23:34:17.071000,24.0,61.0,1021.8,False,39.9,141,0.5,6,Monaco Grand Prix,-1542.929
-1 days +23:35:17.073000,23.9,61.2,1021.8,False,39.4,150,0.3,6,Monaco Grand Prix,-1482.927
-1 days +23:36:17.070000,23.9,61.3,1021.8,False,39.2,0,0.0,6,Monaco Grand Prix,-1422.93
-1 days +23:37:17.070000,23.9,60.6,1021.8,False,40.6,61,0.4,6,Monaco Grand Prix,-1362.93
-1 days +23:38:17.070000,23.9,61.0,1021.9,False,40.8,163,0.8,6,Monaco Grand Prix,-1302.93
-1 days +23:39:17.064000,23.7,61.0,1021.8,False,38.3,152,0.6,6,Monaco Grand Prix,-1242.936
-1 days +23:40:17.077000,23.6,61.6,1021.9,False,40.2,131,0.5,6,Monaco Grand Prix,-1182.923
-1 days +23:41:17.075000,23.9,63.0,1021.8,False,41.0,150,0.5,6,Monaco Grand Prix,-1122.925
-1 days +23:42:17.072000,23.9,63.0,1021.8,False,41.0,150,0.5,6,Monaco Grand Prix,-1062.928
-1 days +23:43:17.071000,23.7,62.2,1021.9,False,36.5,162,0.6,6,Monaco Grand Prix,-1002.929
-1 days +23:44:17.072000,23.6,61.0,1021.8,False,37.4,14,0.6,6,Monaco Grand Prix,-942.928
-1 days +23:45:17.072000,23.7,60.7,1021.8,False,37.7,8,1.0,6,Monaco Grand Prix,-882.928
-1 days +23:46:17.073000,23.8,59.2,1021.8,False,39.4,147,0.6,6,Monaco Grand Prix,-822.927
-1 days +23:47:17.073000,23.8,59.2,1021.8,False,39.4,147,0.6,6,Monaco Grand Prix,-762.927
-1 days +23:48:17.073000,23.6,61.1,1021.7,False,36.2,0,0.0,6,Monaco Grand Prix,-702.927
-1 days +23:49:17.073000,23.8,61.0,1021.8,False,30.9,105,0.3,6,Monaco Grand Prix,-642.927
-1 days +23:50:17.074000,23.7,59.2,1021.8,False,38.9,233,1.5,6,Monaco Grand Prix,-582.926
-1 days +23:51:17.074000,23.7,60.1,1021.8,False,37.4,1,0.5,6,Monaco Grand Prix,-522.926
-1 days +23:52:17.087000,23.6,63.0,1021.8,False,28.1,347,1.3,6,Monaco Grand Prix,-462.913
-1 days +23:53:17.087000,23.6,63.0,1021.8,False,28.1,347,1.3,6,Monaco Grand Prix,-402.913
-1 days +23:54:17.087000,23.7,62.0,1021.7,False,41.0,277,0.4,6,Monaco Grand Prix,-342.913
-1 days +23:55:17.088000,23.5,64.0,1021.7,False,40.6,177,0.6,6,Monaco Grand Prix,-282.912
-1 days +23:56:17.088000,23.6,64.0,1021.8,False,41.2,0,0.0,6,Monaco Grand Prix,-222.912
-1 days +23:57:17.079000,23.6,62.8,1021.9,False,41.3,357,0.9,6,Monaco Grand Prix,-162.921
-1 days +23:58:17.080000,23.7,61.5,1021.7,False,40.2,2,1.2,6,Monaco Grand Prix,-102.92
-1 days +23:59:17.083000,23.7,60.5,1021.8,False,41.0,21,0.8,6,Monaco Grand Prix,-42.917
0 days 00:00:17.093000,23.6,60.5,1021.7,False,46.0,305,0.4,6,Monaco Grand Prix,17.093
0 days 00:01:17.093000,23.6,61.3,1021.7,False,42.0,290,0.6,6,Monaco Grand Prix,77.093
0 days 00:02:17.092999999,23.6,62.6,1021.7,False,41.5,338,0.6,6,Monaco Grand Prix,137.092999999
0 days 00:03:17.090000,23.7,61.8,1021.6,False,43.1,296,0.9,6,Monaco Grand Prix,197.09
0 days 00:04:17.093000,23.7,61.8,1021.6,False,43.1,296,0.9,6,Monaco Grand Prix,257.093
0 days 00:05:17.081000,23.9,60.7,1021.7,False,42.3,201,3.5,6,Monaco Grand Prix,317.081
0 days 00:06:17.093000,24.0,61.6,1021.7,False,42.2,254,1.0,6,Monaco Grand Prix,377.093
0 days 00:07:17.088000,24.0,60.6,1021.7,False,42.7,240,1.5,6,Monaco Grand Prix,437.088
0 days 00:08:17.088000,24.1,60.4,1021.6,False,42.9,202,1.1,6,Monaco Grand Prix,497.088
0 days 00:09:17.089000,24.1,60.0,1021.7,False,43.1,199,3.0,6,Monaco Grand Prix,557.089
0 days 00:10:17.089000,24.1,59.6,1021.7,False,43.2,188,1.9,6,Monaco Grand Prix,617.089
0 days 00:11:17.092000,24.0,60.0,1021.6,False,43.2,227,1.1,6,Monaco Grand Prix,677.092
0 days 00:12:17.096000,24.1,59.1,1021.6,False,43.8,195,0.4,6,Monaco Grand Prix,737.096
0 days 00:13:17.396000,24.1,58.7,1021.6,False,43.8,213,1.2,6,Monaco Grand Prix,797.396
0 days 00:14:17.100000,24.2,57.8,1021.7,False,43.5,216,1.1,6,Monaco Grand Prix,857.1
0 days 00:15:17.116000,24.2,57.8,1021.7,False,43.5,216,1.1,6,Monaco Grand Prix,917.116
0 days 00:16:17.101000,24.2,57.6,1021.6,False,43.9,207,1.3,6,Monaco Grand Prix,977.101
0 days 00:17:17.098999999,24.1,57.0,1021.6,False,43.6,175,1.0,6,Monaco Grand Prix,1037.098999999
0 days 00:18:17.098000,24.3,56.7,1021.6,False,43.6,216,2.4,6,Monaco Grand Prix,1097.098
0 days 00:19:17.106000,24.3,57.5,1021.6,False,43.5,193,2.6,6,Monaco Grand Prix,1157.106
0 days 00:20:17.108000,24.4,57.2,1021.5,False,43.6,148,0.7,6,Monaco Grand Prix,1217.108
0 days 00:21:17.108000,24.5,57.0,1021.6,False,43.4,203,1.3,6,Monaco Grand Prix,1277.108
0 days 00:22:17.121000,24.4,58.0,1021.5,False,43.6,223,0.6,6,Monaco Grand Prix,1337.121
0 days 00:23:17.120000,24.4,58.6,1021.5,False,43.3,234,1.1,6,Monaco Grand Prix,1397.12
0 days 00:24:17.109000,24.4,57.8,1021.5,False,43.3,0,0.0,6,Monaco Grand Prix,1457.109
0 days 00:25:17.106000,24.5,58.1,1021.4,False,43.3,146,0.9,6,Monaco Grand Prix,1517.106
0 days 00:26:17.112000,24.5,58.1,1021.4,False,43.3,146,0.9,6,Monaco Grand Prix,1577.112
0 days 00:27:17.104000,24.4,59.3,1021.4,False,43.1,198,1.0,6,Monaco Grand Prix,1637.104
0 days 00:28:17.116000,24.3,59.7,1021.5,False,43.4,186,1.2,6,Monaco Grand Prix,1697.116
0 days 00:29:17.124000,24.3,59.3,1021.4,False,43.1,203,1.9,6,Monaco Grand Prix,1757.124
0 days 00:30:17.120000,24.3,59.5,1021.6,False,43.2,182,1.9,6,Monaco Grand Prix,1817.12
0 days 00:31:17.117000,24.3,59.3,1021.4,False,43.3,190,1.3,6,Monaco Grand Prix,1877.117
0 days 00:32:17.121000,24.3,59.3,1021.6,False,43.6,188,1.4,6,Monaco Grand Prix,1937.121
0 days 00:33:17.105000,24.3,59.6,1021.4,False,43.7,189,0.3,6,Monaco Grand Prix,1997.105
0 days 00:34:17.107000,24.2,59.8,1021.5,False,43.4,184,1.7,6,Monaco Grand Prix,2057.107
0 days 00:35:17.109000,24.3,59.7,1021.5,False,43.5,172,0.9,6,Monaco Grand Prix,2117.109
0 days 00:36:17.117000,24.2,59.5,1021.4,False,43.7,198,1.5,6,Monaco Grand Prix,2177.117
0 days 00:37:17.113000,24.2,59.5,1021.4,False,43.7,198,1.5,6,Monaco Grand Prix,2237.113
0 days 00:38:17.117000,24.2,59.1,1021.5,False,43.3,181,1.7,6,Monaco Grand Prix,2297.117
0 days 00:39:17.125000,24.3,59.1,1021.4,False,43.8,172,1.6,6,Monaco Grand Prix,2357.125
0 days 00:40:17.119000,24.3,59.6,1021.4,False,43.7,169,0.6,6,Monaco Grand Prix,2417.119
0 days 00:41:17.125000,24.1,59.6,1021.4,False,43.7,169,0.6,6,Monaco Grand Prix,2477.125
0 days 00:42:17.122000,24.4,59.6,1021.4,False,43.5,158,1.5,6,Monaco Grand Prix,2537.122
0 days 00:43:17.124000,24.3,59.7,1021.4,False,43.7,136,0.7,6,Monaco Grand Prix,2597.124
0 days 00:44:17.133000,24.2,60.0,1021.4,False,43.7,206,1.1,6,Monaco Grand Prix,2657.133
0 days 00:45:17.142000,24.4,60.4,1021.3,False,43.7,175,0.9,6,Monaco Grand Prix,2717.142
0 days 00:46:17.134000,24.4,60.1,1021.3,False,43.8,171,0.9,6,Monaco Grand Prix,2777.134
0 days 00:47:17.144000,24.3,60.7,1021.3,False,43.6,158,0.8,6,Monaco Grand Prix,2837.144
0 days 00:48:17.150000,24.3,60.7,1021.3,False,43.6,158,0.8,6,Monaco Grand Prix,2897.15
0 days 00:49:17.144000,24.1,60.6,1021.4,False,43.7,193,0.5,6,Monaco Grand Prix,2957.144
0 days 00:50:17.145000,24.1,60.3,1021.3,False,43.3,181,1.9,6,Monaco Grand Prix,3017.145
0 days 00:51:17.149000,24.1,59.6,1021.3,False,43.4,198,1.0,6,Monaco Grand Prix,3077.149
0 days 00:52:17.146000,24.0,59.7,1021.3,False,43.0,193,1.9,6,Monaco Grand Prix,3137.146
0 days 00:53:17.152000,24.0,59.9,1021.3,False,42.6,211,1.2,6,Monaco Grand Prix,3197.152
0 days 00:54:17.142000,23.9,60.3,1021.3,False,43.0,159,1.2,6,Monaco Grand Prix,3257.142
0 days 00:55:17.142000,23.8,61.0,1021.4,False,43.2,178,0.9,6,Monaco Grand Prix,3317.142
0 days 00:56:17.146000,23.8,61.0,1021.4,False,43.2,178,0.9,6,Monaco Grand Prix,3377.146
0 days 00:57:17.146000,24.0,59.3,1021.3,False,42.6,171,1.1,6,Monaco Grand Prix,3437.146
0 days 00:58:17.153000,23.9,59.5,1021.4,False,42.8,174,0.6,6,Monaco Grand Prix,3497.153
0 days 00:59:17.158000,23.9,59.5,1021.4,False,42.8,174,0.6,6,Monaco Grand Prix,3557.158
0 days 01:00:17.175000,23.9,60.3,1021.3,False,43.0,154,1.0,6,Monaco Grand Prix,3617.175
0 days 01:01:17.144000,23.9,60.3,1021.3,False,43.0,154,1.0,6,Monaco Grand Prix,3677.144
0 days 01:02:17.141000,23.9,59.9,1021.3,False,43.3,159,0.5,6,Monaco Grand Prix,3737.141
0 days 01:03:17.147000,23.9,59.9,1021.3,False,42.7,148,0.8,6,Monaco Grand Prix,3797.147
0 days 01:04:17.145000,24.0,59.8,1021.3,False,42.9,193,0.6,6,Monaco Grand Prix,3857.145
0 days 01:05:17.157000,24.0,60.0,1021.3,False,42.9,143,0.6,6,Monaco Grand Prix,3917.157
0 days 01:06:17.154000,24.0,60.0,1021.3,False,42.7,172,0.9,6,Monaco Grand Prix,3977.154
0 days 01:07:17.158000,24.0,59.9,1021.3,False,41.1,213,1.2,6,Monaco Grand Prix,4037.158
0 days 01:08:17.158000,24.0,60.0,1021.3,False,40.8,225,0.9,6,Monaco Grand Prix,4097.158
0 days 01:09:17.158000,24.0,60.4,1021.4,False,40.4,177,1.1,6,Monaco Grand Prix,4157.158
0 days 01:10:17.189999999,24.0,60.4,1021.4,False,40.4,177,1.1,6,Monaco Grand Prix,4217.189999999
0 days 01:11:17.189999999,23.9,59.5,1021.2,False,39.2,177,1.4,6,Monaco Grand Prix,4277.189999999
0 days 01:12:17.185000,23.8,59.7,1021.3,False,38.8,193,1.5,6,Monaco Grand Prix,4337.185
0 days 01:13:17.178000,23.8,59.9,1021.3,False,38.5,196,1.5,6,Monaco Grand Prix,4397.178
0 days 01:14:17.177000,23.8,60.2,1021.3,False,37.4,214,1.2,6,Monaco Grand Prix,4457.177
0 days 01:15:17.169000,23.8,60.3,1021.3,False,37.9,170,0.8,6,Monaco Grand Prix,4517.169
0 days 01:16:17.182000,23.8,60.6,1021.2,False,37.4,183,1.3,6,Monaco Grand Prix,4577.182
0 days 01:17:17.174000,23.8,61.3,1021.3,False,37.2,197,2.1,6,Monaco Grand Prix,4637.174
0 days 01:18:17.245000,23.9,61.0,1021.2,False,37.5,149,0.6,6,Monaco Grand Prix,4697.245
0 days 01:19:17.200000,24.1,60.8,1021.2,False,36.9,193,1.4,6,Monaco Grand Prix,4757.2
0 days 01:20:17.216000,24.0,60.7,1021.2,False,36.6,208,1.4,6,Monaco Grand Prix,4817.216
0 days 01:21:17.213000,23.9,60.4,1021.2,False,36.7,163,0.6,6,Monaco Grand Prix,4877.213
0 days 01:22:17.214000,23.8,60.5,1021.2,False,36.1,171,0.6,6,Monaco Grand Prix,4937.214
0 days 01:23:17.197000,23.7,61.5,1021.2,False,35.5,239,1.1,6,Monaco Grand Prix,4997.197
0 days 01:24:17.235000,23.7,61.7,1021.3,False,35.8,331,0.4,6,Monaco Grand Prix,5057.235
0 days 01:25:17.204000,23.6,62.2,1021.2,False,36.2,182,2.0,6,Monaco Grand Prix,5117.204
0 days 01:26:17.236000,23.5,63.3,1021.4,False,36.3,153,0.5,6,Monaco Grand Prix,5177.236
0 days 01:27:17.236000,23.5,62.2,1021.3,False,35.6,197,2.2,6,Monaco Grand Prix,5237.236
0 days 01:28:17.227000,23.6,62.5,1021.3,False,35.9,182,0.5,6,Monaco Grand Prix,5297.227
0 days 01:29:17.242000,23.6,61.8,1021.3,False,35.6,177,0.7,6,Monaco Grand Prix,5357.242
0 days 01:30:17.235000,23.6,62.0,1021.3,False,35.5,212,3.2,6,Monaco Grand Prix,5417.235
0 days 01:31:17.234000,23.5,62.5,1021.3,False,35.6,178,1.0,6,Monaco Grand Prix,5477.234
0 days 01:32:17.234000,23.6,61.7,1021.4,False,34.3,224,1.0,6,Monaco Grand Prix,5537.234
0 days 01:33:17.235000,23.6,61.5,1021.3,False,34.2,214,0.7,6,Monaco Grand Prix,5597.235
0 days 01:34:17.228000,23.6,62.8,1021.3,False,35.1,33,0.4,6,Monaco Grand Prix,5657.228
0 days 01:35:17.252000,23.6,62.8,1021.3,False,35.1,33,0.4,6,Monaco Grand Prix,5717.252
0 days 01:36:17.241000,23.4,64.4,1021.3,False,34.9,189,1.7,6,Monaco Grand Prix,5777.241
0 days 01:37:17.239000,23.4,64.6,1021.4,False,34.4,163,0.4,6,Monaco Grand Prix,5837.239
0 days 01:38:17.239000,23.3,65.7,1021.3,False,35.1,0,0.0,6,Monaco Grand Prix,5897.239
0 days 01:39:17.242000,23.4,64.9,1021.3,False,34.1,324,0.7,6,Monaco Grand Prix,5957.242
0 days 01:40:17.242000,23.3,64.0,1021.3,False,34.2,185,0.4,6,Monaco Grand Prix,6017.242
0 days 01:41:17.234000,23.3,65.5,1021.3,False,33.8,337,1.0,6,Monaco Grand Prix,6077.234
0 days 01:42:17.232000,23.3,65.7,1021.3,False,34.4,357,0.4,6,Monaco Grand Prix,6137.232
0 days 01:43:17.247000,23.3,65.7,1021.3,False,34.4,357,0.4,6,Monaco Grand Prix,6197.247
0 days 01:44:17.234000,23.4,66.1,1021.3,False,34.5,165,0.7,6,Monaco Grand Prix,6257.234
0 days 01:45:17.234000,23.4,66.1,1021.3,False,34.5,165,0.7,6,Monaco Grand Prix,6317.234
0 days 01:46:17.248000,23.3,64.9,1021.2,False,34.6,25,0.6,6,Monaco Grand Prix,6377.248
0 days 01:47:17.239000,23.3,65.6,1021.2,False,34.3,0,0.0,6,Monaco Grand Prix,6437.239
0 days 01:48:17.244000,23.3,65.0,1021.1,False,34.3,12,0.8,6,Monaco Grand Prix,6497.244
0 days 01:49:17.246000,23.3,65.4,1021.1,False,34.3,0,0.0,6,Monaco Grand Prix,6557.246
0 days 01:50:17.245000,23.3,65.1,1021.2,False,34.1,15,0.8,6,Monaco Grand Prix,6617.245
0 days 01:51:17.246000,23.2,65.4,1021.2,False,32.6,316,1.1,6,Monaco Grand Prix,6677.246
0 days 01:52:17.261000,23.2,66.5,1021.1,False,33.6,9,0.5,6,Monaco Grand Prix,6737.261
0 days 01:53:17.256000,23.1,67.9,1021.2,False,33.6,348,0.4,6,Monaco Grand Prix,6797.256
0 days 01:54:17.241000,23.1,67.9,1021.2,False,33.6,348,0.4,6,Monaco Grand Prix,6857.241
0 days 01:55:17.256000,23.0,68.1,1021.1,False,33.3,341,1.0,6,Monaco Grand Prix,6917.256
0 days 01:56:17.257000,23.0,68.0,1021.1,False,33.6,0,0.0,6,Monaco Grand Prix,6977.257
0 days 01:57:17.252000,23.0,68.9,1021.1,False,33.6,325,0.6,6,Monaco Grand Prix,7037.252
0 days 01:58:17.258000,23.0,67.5,1021.0,False,32.6,231,1.4,6,Monaco Grand Prix,7097.258
0 days 01:59:17.260000,23.0,67.5,1021.0,False,32.6,231,1.4,6,Monaco Grand Prix,7157.26
0 days 02:00:17.249000,22.9,68.6,1021.1,False,33.3,0,0.0,6,Monaco Grand Prix,7217.249
0 days 02:01:17.250000,23.0,67.5,1021.1,False,32.9,316,0.5,6,Monaco Grand Prix,7277.25
0 days 02:02:17.259000,23.0,67.3,1021.1,False,33.5,333,0.4,6,Monaco Grand Prix,7337.259
0 days 02:03:17.263000,23.0,67.8,1021.0,False,32.9,7,0.5,6,Monaco Grand Prix,7397.263
0 days 02:04:17.262000,23.0,67.6,1021.0,False,33.5,0,0.0,6,Monaco Grand Prix,7457.262
0 days 02:05:17.313000,23.0,67.6,1021.0,False,33.5,0,0.0,6,Monaco Grand Prix,7517.313
0 days 02:06:17.276000,23.0,68.0,1021.0,False,33.5,4,0.5,6,Monaco Grand Prix,7577.276
0 days 02:07:17.259000,23.0,68.2,1021.0,False,33.6,0,0.0,6,Monaco Grand Prix,7637.259
0 days 02:08:17.259000,23.0,68.0,1021.0,False,33.2,349,0.6,6,Monaco Grand Prix,7697.259
0 days 02:09:17.277000,23.0,66.6,1021.1,False,33.5,359,0.4,6,Monaco Grand Prix,7757.277
0 days 02:10:17.268000,23.0,66.9,1021.1,False,33.4,352,0.5,6,Monaco Grand Prix,7817.268
0 days 02:11:17.268000,23.1,66.3,1021.1,False,32.2,229,1.2,6,Monaco Grand Prix,7877.268
0 days 02:12:17.259000,23.0,66.5,1021.1,False,33.3,169,0.4,6,Monaco Grand Prix,7937.259
0 days 02:13:17.284000,23.0,68.0,1021.1,False,33.1,31,0.6,6,Monaco Grand Prix,7997.284
0 days 02:14:17.279000,23.0,67.5,1021.1,False,33.2,141,0.4,6,Monaco Grand Prix,8057.279
0 days 02:15:17.276000,23.0,67.8,1021.0,False,33.2,125,0.6,6,Monaco Grand Prix,8117.276
0 days 02:16:17.288000,23.0,67.8,1021.0,False,33.2,125,0.6,6,Monaco Grand Prix,8177.288
0 days 02:17:17.298000,23.1,65.7,1021.1,False,33.3,124,0.7,6,Monaco Grand Prix,8237.298
0 days 02:18:17.289000,23.2,65.0,1021.0,False,33.2,0,0.0,6,Monaco Grand Prix,8297.289
0 days 02:19:17.289000,23.2,64.6,1021.1,False,33.0,144,0.5,6,Monaco Grand Prix,8357.289
0 days 02:20:17.288000,23.3,64.7,1021.0,False,33.1,210,1.5,6,Monaco Grand Prix,8417.288
0 days 02:21:17.277000,23.4,64.3,1021.0,False,33.0,173,1.1,6,Monaco Grand Prix,8477.277
0 days 02:22:17.290999999,23.5,63.9,1021.0,False,32.5,240,1.0,6,Monaco Grand Prix,8537.290999999
0 days 02:23:17.284000,23.6,63.1,1020.9,False,32.5,206,0.7,6,Monaco Grand Prix,8597.284
0 days 02:24:17.281000,23.6,63.5,1021.0,False,32.8,190,0.5,6,Monaco Grand Prix,8657.281
0 days 02:25:17.284000,23.6,63.6,1020.9,False,32.5,200,2.8,6,Monaco Grand Prix,8717.284
0 days 02:26:17.288000,23.6,63.1,1021.0,False,32.2,205,0.5,6,Monaco Grand Prix,8777.288
0 days 02:27:17.296000,23.6,63.1,1021.0,False,32.2,205,0.5,6,Monaco Grand Prix,8837.296
0 days 02:28:17.282000,23.6,63.1,1021.0,False,32.2,206,2.0,6,Monaco Grand Prix,8897.282
0 days 02:29:17.292000,23.6,63.0,1021.0,False,32.3,207,0.6,6,Monaco Grand Prix,8957.292
0 days 02:30:17.289000,23.5,63.5,1020.9,False,32.0,170,0.4,6,Monaco Grand Prix,9017.289
0 days 02:31:17.283000,23.5,63.9,1021.0,False,31.9,0,0.0,6,Monaco Grand Prix,9077.283
0 days 02:32:17.290000,23.5,64.3,1020.9,False,31.3,254,0.5,6,Monaco Grand Prix,9137.29
0 days 02:33:17.300000,23.4,64.9,1020.9,False,31.9,7,0.7,6,Monaco Grand Prix,9197.3
0 days 02:34:17.302000,23.4,64.9,1020.9,False,31.9,7,0.7,6,Monaco Grand Prix,9257.302
0 days 02:35:17.297000,23.3,65.8,1020.9,False,31.9,0,0.0,6,Monaco Grand Prix,9317.297
-1 days +23:10:26.405000,30.7,30.2,1001.0,False,50.4,116,4.0,7,Barcelona Grand Prix,-2973.595
-1 days +23:11:26.410000,30.7,30.3,1000.9,False,50.7,102,2.1,7,Barcelona Grand Prix,-2913.59
-1 days +23:12:26.411000,30.6,30.7,1001.0,False,51.3,93,2.9,7,Barcelona Grand Prix,-2853.589
-1 days +23:13:26.410000,30.7,30.3,1000.9,False,50.5,145,4.3,7,Barcelona Grand Prix,-2793.59
-1 days +23:14:26.410000,30.7,30.0,1000.9,False,50.3,122,2.9,7,Barcelona Grand Prix,-2733.59
-1 days +23:15:26.423000,30.6,30.5,1001.0,False,50.3,181,2.9,7,Barcelona Grand Prix,-2673.577
-1 days +23:16:26.406000,30.6,30.4,1000.9,False,51.9,144,2.0,7,Barcelona Grand Prix,-2613.594
-1 days +23:17:26.415000,30.6,30.1,1000.9,False,50.3,144,3.4,7,Barcelona Grand Prix,-2553.585
-1 days +23:18:26.406000,30.5,30.0,1000.8,False,50.7,87,2.9,7,Barcelona Grand Prix,-2493.594
-1 days +23:19:26.407000,30.4,30.3,1000.9,False,50.8,167,2.1,7,Barcelona Grand Prix,-2433.593
-1 days +23:20:26.419000,30.5,30.9,1000.8,False,51.8,168,1.4,7,Barcelona Grand Prix,-2373.581
-1 days +23:21:26.411000,30.6,30.5,1000.8,False,51.4,149,1.9,7,Barcelona Grand Prix,-2313.589
-1 days +23:22:26.420000,30.6,30.1,1000.8,False,51.6,163,3.3,7,Barcelona Grand Prix,-2253.58
-1 days +23:23:26.426000,30.6,29.7,1000.8,False,50.7,156,2.2,7,Barcelona Grand Prix,-2193.574
-1 days +23:24:26.427000001,30.6,30.2,1000.9,False,51.4,169,0.8,7,Barcelona Grand Prix,-2133.572999999
-1 days +23:25:26.427000001,30.6,30.3,1000.9,False,51.7,88,1.6,7,Barcelona Grand Prix,-2073.572999999
-1 days +23:26:26.424000,30.6,30.0,1000.9,False,50.2,99,4.5,7,Barcelona Grand Prix,-2013.576
-1 days +23:27:26.425000,30.6,30.0,1000.8,False,51.4,132,1.1,7,Barcelona Grand Prix,-1953.575
-1 days +23:28:26.429000,30.6,29.6,1000.8,False,50.8,129,2.5,7,Barcelona Grand Prix,-1893.571
-1 days +23:29:26.430000,30.5,29.7,1000.8,False,50.8,92,4.1,7,Barcelona Grand Prix,-1833.57
-1 days +23:30:26.436000,30.5,29.4,1000.7,False,49.8,102,3.7,7,Barcelona Grand Prix,-1773.564
-1 days +23:31:26.426000,30.5,30.0,1000.7,False,51.4,85,1.0,7,Barcelona Grand Prix,-1713.574
-1 days +23:32:26.429000,30.5,30.6,1000.7,False,52.1,118,1.5,7,Barcelona Grand Prix,-1653.571
-1 days +23:33:26.431000,30.5,29.2,1000.7,False,49.7,84,5.2,7,Barcelona Grand Prix,-1593.569
-1 days +23:34:26.420000,30.5,30.0,1000.7,False,50.7,128,4.1,7,Barcelona Grand Prix,-1533.58
-1 days +23:35:26.423000,30.6,30.3,1000.7,False,50.6,155,4.0,7,Barcelona Grand Prix,-1473.577
-1 days +23:36:26.426000,30.6,29.6,1000.7,False,50.7,135,2.6,7,Barcelona Grand Prix,-1413.574
-1 days +23:37:26.435000,30.7,30.5,1000.7,False,51.4,141,2.9,7,Barcelona Grand Prix,-1353.565
-1 days +23:38:26.433000,30.7,29.9,1000.7,False,51.3,106,3.4,7,Barcelona Grand Prix,-1293.567
-1 days +23:39:26.435000,30.8,29.4,1000.7,False,51.9,96,1.1,7,Barcelona Grand Prix,-1233.565
-1 days +23:40:26.436000,30.8,29.0,1000.7,False,51.2,156,3.3,7,Barcelona Grand Prix,-1173.564
-1 days +23:41:26.433000,30.8,29.3,1000.7,False,51.1,140,2.7,7,Barcelona Grand Prix,-1113.567
-1 days +23:42:26.439000001,30.7,29.6,1000.7,False,51.3,128,1.2,7,Barcelona Grand Prix,-1053.560999999
-1 days +23:43:26.452000,30.7,29.7,1000.7,False,50.6,123,3.6,7,Barcelona Grand Prix,-993.548
-1 days +23:44:26.429000,30.6,29.7,1000.7,False,50.0,115,3.5,7,Barcelona Grand Prix,-933.571
-1 days +23:45:26.448000,30.7,29.8,1000.7,False,50.7,160,4.6,7,Barcelona Grand Prix,-873.552
-1 days +23:46:26.433000,30.7,30.2,1000.6,False,50.5,101,3.3,7,Barcelona Grand Prix,-813.567
-1 days +23:47:26.439000,30.8,29.8,1000.6,False,49.7,146,2.8,7,Barcelona Grand Prix,-753.561
-1 days +23:48:26.459000,30.8,30.3,1000.7,False,51.6,148,2.7,7,Barcelona Grand Prix,-693.541
-1 days +23:49:26.459000,30.7,29.8,1000.6,False,51.0,194,1.1,7,Barcelona Grand Prix,-633.541
-1 days +23:50:26.463000,30.7,29.7,1000.5,False,50.4,157,3.0,7,Barcelona Grand Prix,-573.537
-1 days +23:51:26.503000001,30.7,30.0,1000.7,False,50.7,152,3.8,7,Barcelona Grand Prix,-513.496999999
-1 days +23:52:26.479000,30.6,29.7,1000.6,False,49.8,121,4.0,7,Barcelona Grand Prix,-453.521
-1 days +23:53:26.474000,30.6,29.9,1000.7,False,49.9,137,3.6,7,Barcelona Grand Prix,-393.526
-1 days +23:54:26.492000,30.5,29.9,1000.6,False,50.9,151,3.6,7,Barcelona Grand Prix,-333.508
-1 days +23:55:26.493000,30.7,29.9,1000.6,False,50.9,129,2.8,7,Barcelona Grand Prix,-273.507
-1 days +23:56:26.500000,30.7,29.8,1000.6,False,51.1,151,2.6,7,Barcelona Grand Prix,-213.5
-1 days +23:57:26.500000,30.6,29.4,1000.6,False,51.7,159,3.2,7,Barcelona Grand Prix,-153.5
-1 days +23:58:26.498000,30.7,29.2,1000.6,False,51.6,150,2.0,7,Barcelona Grand Prix,-93.502
-1 days +23:59:26.504000,30.7,29.3,1000.7,False,50.7,156,3.2,7,Barcelona Grand Prix,-33.496
0 days 00:00:26.518000,30.6,29.6,1000.6,False,51.1,162,3.0,7,Barcelona Grand Prix,26.518
0 days 00:01:26.540000,30.6,30.0,1000.7,False,51.5,118,3.5,7,Barcelona Grand Prix,86.54
0 days 00:02:26.543000,30.8,29.5,1000.7,False,51.4,117,3.9,7,Barcelona Grand Prix,146.543
0 days 00:03:26.541000,30.9,29.4,1000.7,False,52.3,108,1.9,7,Barcelona Grand Prix,206.541
0 days 00:04:26.540000,30.8,28.5,1000.7,False,51.7,105,1.7,7,Barcelona Grand Prix,266.54
0 days 00:05:26.568000,30.9,28.4,1000.6,False,50.6,89,3.9,7,Barcelona Grand Prix,326.568
0 days 00:06:26.588000,30.7,28.4,1000.6,False,49.9,91,4.3,7,Barcelona Grand Prix,386.588
0 days 00:07:26.588000,30.7,28.8,1000.7,False,51.4,99,1.5,7,Barcelona Grand Prix,446.588
0 days 00:08:26.586000,30.7,28.6,1000.6,False,51.1,112,2.6,7,Barcelona Grand Prix,506.586
0 days 00:09:26.589000,30.8,27.9,1000.6,False,51.1,84,2.7,7,Barcelona Grand Prix,566.589
0 days 00:10:26.581000,30.8,27.4,1000.5,False,50.2,96,4.3,7,Barcelona Grand Prix,626.581
0 days 00:11:26.587000,30.7,28.4,1000.5,False,50.8,75,3.3,7,Barcelona Grand Prix,686.587
0 days 00:12:26.607000,30.7,28.2,1000.7,False,51.1,65,2.3,7,Barcelona Grand Prix,746.607
0 days 00:13:26.627000,30.9,28.0,1000.7,False,50.3,119,2.2,7,Barcelona Grand Prix,806.627
0 days 00:14:26.630000,31.0,28.1,1000.6,False,50.0,156,2.7,7,Barcelona Grand Prix,866.63
0 days 00:15:26.634000,31.0,29.0,1000.5,False,51.5,62,2.8,7,Barcelona Grand Prix,926.634
0 days 00:16:26.647000,30.9,28.0,1000.5,False,50.4,101,3.1,7,Barcelona Grand Prix,986.647
0 days 00:17:26.644000,30.9,28.0,1000.5,False,49.7,120,5.1,7,Barcelona Grand Prix,1046.644
0 days 00:18:26.658000,30.9,28.3,1000.7,False,49.0,143,3.9,7,Barcelona Grand Prix,1106.658
0 days 00:19:26.636000,30.9,28.5,1000.6,False,49.4,147,2.3,7,Barcelona Grand Prix,1166.636
0 days 00:20:26.649000,30.9,28.3,1000.5,False,50.7,127,1.4,7,Barcelona Grand Prix,1226.649
0 days 00:21:26.649000,30.9,28.5,1000.5,False,50.5,91,2.3,7,Barcelona Grand Prix,1286.649
0 days 00:22:26.665000,30.8,27.7,1000.4,False,50.7,62,1.4,7,Barcelona Grand Prix,1346.665
0 days 00:23:26.681000,30.9,27.6,1000.5,False,51.2,360,0.4,7,Barcelona Grand Prix,1406.681
0 days 00:24:26.694000,31.0,27.5,1000.5,False,50.7,139,2.5,7,Barcelona Grand Prix,1466.694
0 days 00:25:26.699000,31.0,28.1,1000.4,False,51.0,79,1.2,7,Barcelona Grand Prix,1526.699
0 days 00:26:26.696000,31.1,28.2,1000.5,False,51.2,170,2.5,7,Barcelona Grand Prix,1586.696
0 days 00:27:26.698000,31.1,27.8,1000.4,False,50.2,165,3.1,7,Barcelona Grand Prix,1646.698
0 days 00:28:26.702000,30.9,28.0,1000.3,False,49.9,110,3.1,7,Barcelona Grand Prix,1706.702
0 days 00:29:26.718000,30.9,28.4,1000.2,False,50.5,126,1.5,7,Barcelona Grand Prix,1766.718
0 days 00:30:26.732000,30.9,28.2,1000.4,False,49.8,105,3.8,7,Barcelona Grand Prix,1826.732
0 days 00:31:26.732000,30.9,28.6,1000.2,False,49.6,122,2.4,7,Barcelona Grand Prix,1886.732
0 days 00:32:26.741000,30.9,28.6,1000.3,False,49.3,110,3.6,7,Barcelona Grand Prix,1946.741
0 days 00:33:26.731000,30.9,29.0,1000.4,False,50.1,96,1.7,7,Barcelona Grand Prix,2006.731
0 days 00:34:26.739999999,31.0,28.1,1000.3,False,50.6,76,3.0,7,Barcelona Grand Prix,2066.739999999
0 days 00:35:26.739000,31.0,27.8,1000.3,False,49.6,112,3.4,7,Barcelona Grand Prix,2126.739
0 days 00:36:26.754000,30.9,27.6,1000.4,False,49.8,88,2.0,7,Barcelona Grand Prix,2186.754
0 days 00:37:26.738000,30.8,27.4,1000.3,False,50.6,86,2.0,7,Barcelona Grand Prix,2246.738
0 days 00:38:26.732000,30.8,27.8,1000.3,False,49.7,85,3.7,7,Barcelona Grand Prix,2306.732
0 days 00:39:26.743000,30.8,27.6,1000.5,False,49.0,119,3.6,7,Barcelona Grand Prix,2366.743
0 days 00:40:26.744000,30.9,28.2,1000.5,False,51.0,144,0.7,7,Barcelona Grand Prix,2426.744
0 days 00:41:26.748000,30.9,27.7,1000.5,False,49.8,88,3.0,7,Barcelona Grand Prix,2486.748
0 days 00:42:26.746000,30.8,27.9,1000.4,False,48.9,113,3.2,7,Barcelona Grand Prix,2546.746
0 days 00:43:26.757000,30.6,28.3,1000.4,False,48.7,81,4.9,7,Barcelona Grand Prix,2606.757
0 days 00:44:26.735000,30.5,28.3,1000.5,False,50.3,142,3.0,7,Barcelona Grand Prix,2666.735
0 days 00:45:26.747000,30.4,28.3,1000.4,False,49.2,128,2.7,7,Barcelona Grand Prix,2726.747
0 days 00:46:26.755000,30.3,28.4,1000.4,False,49.0,98,2.6,7,Barcelona Grand Prix,2786.755
0 days 00:47:26.740000,30.3,28.5,1000.4,False,48.5,101,4.2,7,Barcelona Grand Prix,2846.74
0 days 00:48:26.749000,29.8,27.9,1000.5,False,49.2,87,3.6,7,Barcelona Grand Prix,2906.749
0 days 00:49:26.757000,29.8,27.9,1000.5,False,49.2,87,3.6,7,Barcelona Grand Prix,2966.757
0 days 00:50:26.744000,30.2,28.4,1000.4,False,49.9,66,3.5,7,Barcelona Grand Prix,3026.744
0 days 00:51:26.745000,30.2,28.4,1000.4,False,49.9,66,3.5,7,Barcelona Grand Prix,3086.745
0 days 00:52:26.755000,30.2,28.8,1000.5,False,49.5,101,3.8,7,Barcelona Grand Prix,3146.755
0 days 00:53:26.759000,30.1,28.9,1000.4,False,49.6,110,3.7,7,Barcelona Grand Prix,3206.759
0 days 00:54:26.760000,30.2,29.1,1000.4,False,50.9,96,1.3,7,Barcelona Grand Prix,3266.76
0 days 00:55:26.747000,30.3,28.9,1000.4,False,50.5,105,2.4,7,Barcelona Grand Prix,3326.747
0 days 00:56:26.763000,30.3,28.9,1000.4,False,50.5,105,2.4,7,Barcelona Grand Prix,3386.763
0 days 00:57:26.749000,30.3,28.8,1000.4,False,50.5,90,1.7,7,Barcelona Grand Prix,3446.749
0 days 00:58:26.761000,30.4,28.4,1000.4,False,50.4,86,2.4,7,Barcelona Grand Prix,3506.761
0 days 00:59:26.766000,30.3,27.6,1000.5,False,49.2,87,2.3,7,Barcelona Grand Prix,3566.766
0 days 01:00:26.757000,30.1,28.5,1000.4,False,49.2,82,2.2,7,Barcelona Grand Prix,3626.757
0 days 01:01:26.753000,30.1,29.5,1000.5,False,49.5,161,2.4,7,Barcelona Grand Prix,3686.753
0 days 01:02:26.763000,30.1,29.6,1000.5,False,50.3,176,1.9,7,Barcelona Grand Prix,3746.763
0 days 01:03:26.751000,30.1,29.2,1000.5,False,50.6,75,1.6,7,Barcelona Grand Prix,3806.751
0 days 01:04:26.754000,30.2,28.5,1000.5,False,50.7,99,1.1,7,Barcelona Grand Prix,3866.754
0 days 01:05:26.755000,30.3,28.4,1000.3,False,50.5,0,0.0,7,Barcelona Grand Prix,3926.755
0 days 01:06:26.768000,30.3,27.0,1000.3,False,48.4,120,3.7,7,Barcelona Grand Prix,3986.768
0 days 01:07:26.756000,30.1,27.4,1000.4,False,49.4,85,2.7,7,Barcelona Grand Prix,4046.756
0 days 01:08:26.765999999,29.9,28.2,1000.4,False,49.8,106,3.0,7,Barcelona Grand Prix,4106.765999999
0 days 01:09:26.767000,30.0,28.4,1000.5,False,49.5,116,2.0,7,Barcelona Grand Prix,4166.767
0 days 01:10:26.756999999,30.1,28.5,1000.3,False,49.7,108,1.2,7,Barcelona Grand Prix,4226.756999999
0 days 01:11:26.760000,30.2,28.7,1000.4,False,50.0,79,2.6,7,Barcelona Grand Prix,4286.76
0 days 01:12:26.789000,30.3,28.5,1000.5,False,50.4,66,1.3,7,Barcelona Grand Prix,4346.789
0 days 01:13:26.785000,30.4,28.2,1000.4,False,50.8,111,1.5,7,Barcelona Grand Prix,4406.785
0 days 01:14:26.799000,30.5,28.0,1000.3,False,50.8,78,1.9,7,Barcelona Grand Prix,4466.799
0 days 01:15:26.819000,30.6,27.8,1000.4,False,50.1,82,2.2,7,Barcelona Grand Prix,4526.819
0 days 01:16:26.828000,30.5,28.5,1000.4,False,50.5,89,1.3,7,Barcelona Grand Prix,4586.828
0 days 01:17:26.841000,30.3,27.4,1000.4,False,49.6,104,2.6,7,Barcelona Grand Prix,4646.841
0 days 01:18:26.882000,30.2,27.9,1000.4,False,50.3,0,0.0,7,Barcelona Grand Prix,4706.882
0 days 01:19:26.886000,30.3,27.5,1000.4,False,50.3,67,1.6,7,Barcelona Grand Prix,4766.886
0 days 01:20:26.877000,29.9,27.2,1000.3,False,48.7,109,1.6,7,Barcelona Grand Prix,4826.877
0 days 01:21:26.890000,29.9,27.2,1000.3,False,48.7,109,1.6,7,Barcelona Grand Prix,4886.89
0 days 01:22:26.893000,29.9,27.4,1000.4,False,49.8,65,2.7,7,Barcelona Grand Prix,4946.893
0 days 01:23:26.897000,30.0,27.8,1000.3,False,49.4,65,1.4,7,Barcelona Grand Prix,5006.897
0 days 01:24:26.917000,30.1,27.9,1000.3,False,49.0,89,2.3,7,Barcelona Grand Prix,5066.917
0 days 01:25:26.945000,30.1,27.9,1000.3,False,48.6,99,2.7,7,Barcelona Grand Prix,5126.945
0 days 01:26:26.946000,30.1,28.1,1000.3,False,49.0,127,1.3,7,Barcelona Grand Prix,5186.946
0 days 01:27:26.943000,30.2,28.4,1000.4,False,49.3,89,1.8,7,Barcelona Grand Prix,5246.943
0 days 01:28:26.962000,30.2,28.3,1000.3,False,49.2,121,2.2,7,Barcelona Grand Prix,5306.962
0 days 01:29:26.951000,30.2,28.5,1000.3,False,49.3,133,2.2,7,Barcelona Grand Prix,5366.951
0 days 01:30:26.950000,30.4,28.6,1000.3,False,49.3,128,1.0,7,Barcelona Grand Prix,5426.95
0 days 01:31:26.975000,30.3,28.4,1000.3,False,48.4,104,2.2,7,Barcelona Grand Prix,5486.975
0 days 01:32:26.970000,30.3,28.7,1000.3,False,49.7,151,1.6,7,Barcelona Grand Prix,5546.97
0 days 01:33:26.999000,30.3,29.3,1000.3,False,48.8,101,3.2,7,Barcelona Grand Prix,5606.999
0 days 01:34:27.009000,30.1,29.1,1000.3,False,48.4,81,3.6,7,Barcelona Grand Prix,5667.009
0 days 01:35:27,30.0,29.8,1000.3,False,49.8,145,1.0,7,Barcelona Grand Prix,5727.0
0 days 01:36:27.023000,29.9,29.4,1000.3,False,49.5,88,2.7,7,Barcelona Grand Prix,5787.023
0 days 01:37:27.020000,29.8,29.2,1000.3,False,50.0,79,0.9,7,Barcelona Grand Prix,5847.02
0 days 01:38:27.023000,30.0,28.8,1000.3,False,49.8,116,0.9,7,Barcelona Grand Prix,5907.023
0 days 01:39:27.020000,30.1,28.1,1000.4,False,50.0,102,0.9,7,Barcelona Grand Prix,5967.02
-1 days +23:06:50.451000,33.6,30.3,941.8,False,53.2,67,1.0,8,Austrian Grand Prix,-3189.549
-1 days +23:07:50.447000,33.8,29.8,941.8,False,53.3,285,0.9,8,Austrian Grand Prix,-3129.553
-1 days +23:08:50.467000,33.8,30.5,941.8,False,52.9,0,0.0,8,Austrian Grand Prix,-3069.533
-1 days +23:09:50.464000,33.8,29.7,941.8,False,52.5,286,1.4,8,Austrian Grand Prix,-3009.536
-1 days +23:10:50.480000,33.7,30.5,941.8,False,52.0,334,0.6,8,Austrian Grand Prix,-2949.52
-1 days +23:11:50.481000,33.8,30.6,941.8,False,53.0,293,2.2,8,Austrian Grand Prix,-2889.519
-1 days +23:12:50.493000,33.9,28.7,941.7,False,52.7,276,2.0,8,Austrian Grand Prix,-2829.507
-1 days +23:13:50.494000,33.8,29.8,941.7,False,49.1,287,2.2,8,Austrian Grand Prix,-2769.506
-1 days +23:14:50.507000,33.7,30.0,941.7,False,51.5,303,1.7,8,Austrian Grand Prix,-2709.493
-1 days +23:15:50.524000,33.8,30.6,941.7,False,50.7,45,0.8,8,Austrian Grand Prix,-2649.476
-1 days +23:16:50.521000,34.0,30.6,941.7,False,50.7,45,0.8,8,Austrian Grand Prix,-2589.479
-1 days +23:17:50.529000,34.2,29.1,941.8,False,52.4,306,1.9,8,Austrian Grand Prix,-2529.471
-1 days +23:18:50.541000,34.2,29.3,941.7,False,52.0,315,1.2,8,Austrian Grand Prix,-2469.459
-1 days +23:19:50.547000,34.2,29.6,941.6,False,52.5,295,1.0,8,Austrian Grand Prix,-2409.453
-1 days +23:20:50.562000,34.4,28.0,941.7,False,50.3,10,1.5,8,Austrian Grand Prix,-2349.438
-1 days +23:21:50.572000,34.4,28.0,941.6,False,49.2,298,2.9,8,Austrian Grand Prix,-2289.428
-1 days +23:22:50.578000,34.2,28.4,941.6,False,48.3,287,2.5,8,Austrian Grand Prix,-2229.422
-1 days +23:23:50.579000001,34.2,28.9,941.6,False,48.6,255,2.1,8,Austrian Grand Prix,-2169.420999999
-1 days +23:24:50.601000,34.2,29.3,941.7,False,48.5,0,0.0,8,Austrian Grand Prix,-2109.399
-1 days +23:25:50.623000,34.3,27.9,941.5,False,49.2,274,1.5,8,Austrian Grand Prix,-2049.377
-1 days +23:26:50.655000,34.5,27.0,941.6,False,50.3,256,2.0,8,Austrian Grand Prix,-1989.345
-1 days +23:27:50.663000,34.5,26.9,941.6,False,49.4,271,1.6,8,Austrian Grand Prix,-1929.337
-1 days +23:28:50.671000,34.5,27.0,941.6,False,47.5,224,1.1,8,Austrian Grand Prix,-1869.329
-1 days +23:29:50.673000,34.6,26.7,941.6,False,48.8,271,2.3,8,Austrian Grand Prix,-1809.327
-1 days +23:30:50.680000,34.7,27.4,941.6,False,49.0,285,3.1,8,Austrian Grand Prix,-1749.32
-1 days +23:31:50.703000,34.7,27.8,941.6,False,48.9,277,2.5,8,Austrian Grand Prix,-1689.297
-1 days +23:32:50.701000,34.6,28.1,941.5,False,48.5,287,1.3,8,Austrian Grand Prix,-1629.299
-1 days +23:33:50.717000,34.6,27.9,941.5,False,48.0,263,2.9,8,Austrian Grand Prix,-1569.283
-1 days +23:34:50.730000,34.6,26.6,941.5,False,46.7,300,2.8,8,Austrian Grand Prix,-1509.27
-1 days +23:35:50.766000,34.5,27.2,941.5,False,47.5,295,1.3,8,Austrian Grand Prix,-1449.234
-1 days +23:36:50.779000,34.5,27.1,941.5,False,42.6,238,0.4,8,Austrian Grand Prix,-1389.221
-1 days +23:37:50.810000,34.6,27.4,941.5,False,46.5,249,2.3,8,Austrian Grand Prix,-1329.19
-1 days +23:38:50.807000,34.6,26.2,941.5,False,46.7,279,1.6,8,Austrian Grand Prix,-1269.193
-1 days +23:39:50.824000,34.5,26.1,941.6,False,46.2,274,0.7,8,Austrian Grand Prix,-1209.176
-1 days +23:40:50.821000,34.5,26.1,941.5,False,46.5,266,0.7,8,Austrian Grand Prix,-1149.179
-1 days +23:41:50.851000001,34.5,26.7,941.5,False,46.8,243,1.0,8,Austrian Grand Prix,-1089.148999999
-1 days +23:42:50.862000001,34.7,26.0,941.4,False,46.9,291,0.9,8,Austrian Grand Prix,-1029.137999999
-1 days +23:43:50.858000,34.8,25.3,941.5,False,46.7,278,2.7,8,Austrian Grand Prix,-969.142
-1 days +23:44:50.869000,34.8,25.6,941.4,False,48.9,284,2.5,8,Austrian Grand Prix,-909.131
-1 days +23:45:50.892000,34.7,25.5,941.5,False,48.8,276,2.9,8,Austrian Grand Prix,-849.108
-1 days +23:46:50.895000,34.5,26.7,941.4,False,48.5,255,2.5,8,Austrian Grand Prix,-789.105
-1 days +23:47:50.903000,34.6,27.2,941.5,False,46.6,286,2.1,8,Austrian Grand Prix,-729.097
-1 days +23:48:50.909000,34.4,27.7,941.5,False,45.2,44,0.7,8,Austrian Grand Prix,-669.091
-1 days +23:49:50.919000,34.3,27.8,941.4,False,44.2,24,0.6,8,Austrian Grand Prix,-609.081
-1 days +23:50:50.922000,34.3,27.7,941.5,False,45.5,66,1.6,8,Austrian Grand Prix,-549.078
-1 days +23:51:50.931000,34.3,27.5,941.5,False,44.8,0,0.0,8,Austrian Grand Prix,-489.069
-1 days +23:52:50.941000,34.3,27.6,941.4,False,47.1,310,0.7,8,Austrian Grand Prix,-429.059
-1 days +23:53:50.948000,34.4,27.5,941.5,False,46.1,293,1.3,8,Austrian Grand Prix,-369.052
-1 days +23:54:50.954000,34.5,27.9,941.4,False,46.3,255,0.6,8,Austrian Grand Prix,-309.046
-1 days +23:55:50.967000,34.6,28.1,941.4,False,47.3,342,1.6,8,Austrian Grand Prix,-249.033
-1 days +23:56:50.966000,34.6,28.7,941.3,False,47.0,320,2.0,8,Austrian Grand Prix,-189.034
-1 days +23:57:50.977000,34.6,28.3,941.4,False,48.4,301,0.6,8,Austrian Grand Prix,-129.023
-1 days +23:58:50.989000,34.5,28.6,941.4,False,48.7,294,1.0,8,Austrian Grand Prix,-69.011
-1 days +23:59:50.990000,34.6,28.8,941.4,False,49.4,1,1.5,8,Austrian Grand Prix,-9.01
0 days 00:00:50.996000,34.8,30.1,941.3,False,49.2,216,1.8,8,Austrian Grand Prix,50.996
0 days 00:01:51.011000,34.7,30.2,941.4,False,50.0,352,0.4,8,Austrian Grand Prix,111.011
0 days 00:02:51.023000,34.7,29.3,941.3,False,49.0,310,0.8,8,Austrian Grand Prix,171.023
0 days 00:03:51.031000,34.6,29.8,941.4,False,49.2,36,1.5,8,Austrian Grand Prix,231.031
0 days 00:04:51.041000,34.5,30.0,941.4,False,49.5,299,3.5,8,Austrian Grand Prix,291.041
0 days 00:05:51.046000,34.4,30.5,941.4,False,49.7,324,1.2,8,Austrian Grand Prix,351.046
0 days 00:06:51.047000,34.5,30.3,941.3,False,50.7,57,1.1,8,Austrian Grand Prix,411.047
0 days 00:07:51.060000,34.6,30.3,941.4,False,50.7,98,2.1,8,Austrian Grand Prix,471.06
0 days 00:08:51.072000,34.4,29.9,941.3,False,50.3,94,2.4,8,Austrian Grand Prix,531.072
0 days 00:09:51.073000,34.4,30.2,941.3,False,50.2,101,0.8,8,Austrian Grand Prix,591.073
0 days 00:10:51.094000,34.5,30.8,941.3,False,50.7,356,1.9,8,Austrian Grand Prix,651.094
0 days 00:11:51.093000,34.6,30.8,941.3,False,50.7,356,1.9,8,Austrian Grand Prix,711.093
0 days 00:12:51.105000,34.7,30.6,941.3,False,51.1,68,1.8,8,Austrian Grand Prix,771.105
0 days 00:13:51.114000,34.7,30.0,941.2,False,51.2,326,0.9,8,Austrian Grand Prix,831.114
0 days 00:14:51.114000,34.8,29.6,941.2,False,50.9,0,0.0,8,Austrian Grand Prix,891.114
0 days 00:15:51.127000,34.8,29.2,941.3,False,50.6,26,1.2,8,Austrian Grand Prix,951.127
0 days 00:16:51.128000,34.7,29.9,941.2,False,51.1,287,1.7,8,Austrian Grand Prix,1011.128
0 days 00:17:51.146000,34.8,29.5,941.3,False,51.6,329,0.6,8,Austrian Grand Prix,1071.146
0 days 00:18:51.158000,34.7,29.6,941.3,False,51.2,331,1.0,8,Austrian Grand Prix,1131.158
0 days 00:19:51.155000,34.6,29.5,941.2,False,51.2,68,2.5,8,Austrian Grand Prix,1191.155
0 days 00:20:51.167000,34.7,28.9,941.3,False,51.6,332,2.1,8,Austrian Grand Prix,1251.167
0 days 00:21:51.167000,34.7,28.5,941.3,False,51.6,10,2.4,8,Austrian Grand Prix,1311.167
0 days 00:22:51.195000,34.6,28.5,941.3,False,51.3,25,2.2,8,Austrian Grand Prix,1371.195
0 days 00:23:51.197000,34.6,28.6,941.3,False,51.3,63,1.8,8,Austrian Grand Prix,1431.197
0 days 00:24:51.213000,34.5,29.6,941.3,False,51.1,36,0.6,8,Austrian Grand Prix,1491.213
0 days 00:25:51.237000,34.7,28.7,941.3,False,51.0,288,2.1,8,Austrian Grand Prix,1551.237
0 days 00:26:51.245000,34.7,28.8,941.3,False,51.4,331,1.2,8,Austrian Grand Prix,1611.245
0 days 00:27:51.264000,34.8,29.0,941.3,False,51.4,59,1.0,8,Austrian Grand Prix,1671.264
0 days 00:28:51.267000,34.9,29.3,941.3,False,50.9,60,1.0,8,Austrian Grand Prix,1731.267
0 days 00:29:51.292000,35.1,29.2,941.3,False,51.3,10,1.3,8,Austrian Grand Prix,1791.292
0 days 00:30:51.313000,35.1,30.3,941.4,False,50.8,27,2.7,8,Austrian Grand Prix,1851.313
0 days 00:31:51.332000,34.9,31.6,941.3,False,49.9,20,3.0,8,Austrian Grand Prix,1911.332
0 days 00:32:51.354000,34.9,31.5,941.3,False,51.3,348,1.2,8,Austrian Grand Prix,1971.354
0 days 00:33:51.380000,34.8,31.5,941.3,False,51.3,348,1.2,8,Austrian Grand Prix,2031.38
0 days 00:34:51.402000,34.9,29.9,941.3,False,50.8,69,1.3,8,Austrian Grand Prix,2091.402
0 days 00:35:51.402999999,34.7,29.8,941.4,False,50.7,12,1.8,8,Austrian Grand Prix,2151.402999999
0 days 00:36:51.413000,34.5,29.9,941.2,False,51.0,0,2.4,8,Austrian Grand Prix,2211.413
0 days 00:37:51.427000,34.5,30.1,941.2,False,51.2,11,1.8,8,Austrian Grand Prix,2271.427
0 days 00:38:51.436000,34.3,30.5,941.2,False,51.5,325,1.7,8,Austrian Grand Prix,2331.436
0 days 00:39:51.434000,34.5,31.5,941.2,False,51.4,346,1.2,8,Austrian Grand Prix,2391.434
0 days 00:40:51.442000,34.7,31.1,941.2,False,51.2,351,2.6,8,Austrian Grand Prix,2451.442
0 days 00:41:51.463000,34.6,31.5,941.2,False,51.0,331,2.2,8,Austrian Grand Prix,2511.463
0 days 00:42:51.477000,34.5,31.8,941.2,False,51.4,337,1.5,8,Austrian Grand Prix,2571.477
0 days 00:43:51.470000,34.5,32.0,941.3,False,50.5,358,2.3,8,Austrian Grand Prix,2631.47
0 days 00:44:51.495000,34.5,30.9,941.3,False,51.5,49,1.3,8,Austrian Grand Prix,2691.495
0 days 00:45:51.503000,34.6,31.7,941.3,False,51.4,51,2.7,8,Austrian Grand Prix,2751.503
0 days 00:46:51.512000,34.7,31.7,941.2,False,50.9,0,0.0,8,Austrian Grand Prix,2811.512
0 days 00:47:51.549000,34.7,31.7,941.3,False,51.1,326,1.0,8,Austrian Grand Prix,2871.549
0 days 00:48:51.541000,34.6,32.3,941.1,False,51.3,62,2.2,8,Austrian Grand Prix,2931.541
0 days 00:49:51.569000,34.5,32.1,941.3,False,51.1,8,1.8,8,Austrian Grand Prix,2991.569
0 days 00:50:51.568000,34.5,32.1,941.3,False,50.8,326,1.9,8,Austrian Grand Prix,3051.568
0 days 00:51:51.598000,34.5,32.3,941.2,False,51.0,350,2.5,8,Austrian Grand Prix,3111.598
0 days 00:52:51.611000,34.4,32.4,941.3,False,51.3,360,2.0,8,Austrian Grand Prix,3171.611
0 days 00:53:51.625000,34.4,32.2,941.3,False,51.6,81,1.4,8,Austrian Grand Prix,3231.625
0 days 00:54:51.651000,34.5,31.6,941.3,False,51.9,65,1.3,8,Austrian Grand Prix,3291.651
0 days 00:55:51.659000,34.5,31.1,941.3,False,52.0,312,0.9,8,Austrian Grand Prix,3351.659
0 days 00:56:51.670000,34.5,30.7,941.3,False,52.1,141,1.6,8,Austrian Grand Prix,3411.67
0 days 00:57:51.697000,34.5,30.7,941.3,False,51.9,116,2.6,8,Austrian Grand Prix,3471.697
0 days 00:58:51.723000,34.7,30.2,941.3,False,52.0,283,0.9,8,Austrian Grand Prix,3531.723
0 days 00:59:51.728000,34.8,30.1,941.2,False,51.9,144,0.8,8,Austrian Grand Prix,3591.728
0 days 01:00:51.730000,34.8,31.0,941.2,False,52.0,324,0.9,8,Austrian Grand Prix,3651.73
0 days 01:01:51.739000,34.8,30.6,941.1,False,52.0,55,2.0,8,Austrian Grand Prix,3711.739
0 days 01:02:51.759000,34.8,30.9,941.2,False,51.6,278,1.3,8,Austrian Grand Prix,3771.759
0 days 01:03:51.760000,34.7,31.5,941.3,False,51.6,37,1.2,8,Austrian Grand Prix,3831.76
0 days 01:04:51.763000,34.7,31.9,941.1,False,51.3,0,0.0,8,Austrian Grand Prix,3891.763
0 days 01:05:51.781000,34.6,30.7,941.2,False,51.3,332,1.4,8,Austrian Grand Prix,3951.781
0 days 01:06:51.776000,34.5,30.7,941.2,False,51.5,352,0.8,8,Austrian Grand Prix,4011.776
0 days 01:07:51.794000,34.5,30.5,941.2,False,51.6,43,1.2,8,Austrian Grand Prix,4071.794
0 days 01:08:51.794000,34.4,30.2,941.2,False,50.6,329,2.2,8,Austrian Grand Prix,4131.794
0 days 01:09:51.814999999,34.3,31.3,941.2,False,50.6,315,2.5,8,Austrian Grand Prix,4191.814999999
0 days 01:10:51.837000,34.3,31.9,941.2,False,51.2,360,1.5,8,Austrian Grand Prix,4251.837
0 days 01:11:51.854000,34.3,31.4,941.1,False,51.0,316,1.3,8,Austrian Grand Prix,4311.854
0 days 01:12:51.859999999,34.2,31.4,941.2,False,50.8,321,3.4,8,Austrian Grand Prix,4371.859999999
0 days 01:13:51.874000,34.4,32.0,941.1,False,51.0,95,1.0,8,Austrian Grand Prix,4431.874
0 days 01:14:51.877000,34.3,31.1,941.1,False,50.7,333,1.5,8,Austrian Grand Prix,4491.877
0 days 01:15:51.913000,33.5,31.1,941.1,False,50.7,333,1.5,8,Austrian Grand Prix,4551.913
0 days 01:16:51.911000,34.3,32.3,941.1,False,51.1,97,0.7,8,Austrian Grand Prix,4611.911
0 days 01:17:51.918000,33.4,32.3,941.1,False,51.1,97,0.7,8,Austrian Grand Prix,4671.918
0 days 01:18:51.930000,34.6,31.4,941.2,False,51.2,36,0.9,8,Austrian Grand Prix,4731.93
0 days 01:19:51.952000,34.6,31.5,941.2,False,51.2,330,2.2,8,Austrian Grand Prix,4791.952
0 days 01:20:51.949000,34.6,32.1,941.1,False,51.3,309,1.3,8,Austrian Grand Prix,4851.949
0 days 01:21:51.947000,34.6,32.2,941.2,False,51.4,301,1.8,8,Austrian Grand Prix,4911.947
0 days 01:22:51.950000,34.5,30.9,941.2,False,51.0,97,2.3,8,Austrian Grand Prix,4971.95
0 days 01:23:51.955000,34.5,32.2,941.1,False,50.8,37,2.3,8,Austrian Grand Prix,5031.955
0 days 01:24:51.976000,34.1,32.2,941.1,False,50.8,37,2.3,8,Austrian Grand Prix,5091.976
0 days 01:25:51.986000,34.5,31.3,941.2,False,51.2,352,0.9,8,Austrian Grand Prix,5151.986
0 days 01:26:52.003000,34.5,30.9,941.0,False,51.0,123,2.3,8,Austrian Grand Prix,5212.003
0 days 01:27:52.017000,34.4,31.0,941.2,False,51.1,231,0.4,8,Austrian Grand Prix,5272.017
0 days 01:28:52.039000,34.5,31.0,941.1,False,51.0,39,0.9,8,Austrian Grand Prix,5332.039
0 days 01:29:52.052000,34.2,31.2,941.1,False,50.8,76,1.4,8,Austrian Grand Prix,5392.052
0 days 01:30:52.067000,34.3,31.1,941.1,False,50.5,148,0.9,8,Austrian Grand Prix,5452.067
0 days 01:31:52.071000,34.0,31.1,941.1,False,50.5,148,0.9,8,Austrian Grand Prix,5512.071
0 days 01:32:52.087000,34.2,31.2,941.2,False,50.2,55,0.9,8,Austrian Grand Prix,5572.087
0 days 01:33:52.101000,34.1,32.9,941.1,False,50.1,39,0.9,8,Austrian Grand Prix,5632.101
0 days 01:34:52.142000,34.0,32.9,941.1,False,50.0,328,1.0,8,Austrian Grand Prix,5692.142
-1 days +23:08:59.164000,22.8,55.9,1007.0,False,37.9,212,1.4,9,British Grand Prix,-3060.836
-1 days +23:09:59.184000,22.8,56.5,1007.1,False,37.5,280,1.1,9,British Grand Prix,-3000.816
-1 days +23:10:59.199000,22.9,56.6,1007.1,False,37.8,345,0.5,9,British Grand Prix,-2940.801
-1 days +23:11:59.215000,23.0,55.8,1007.1,False,37.6,248,0.7,9,British Grand Prix,-2880.785
-1 days +23:12:59.213000,23.1,54.9,1007.0,False,38.5,158,1.0,9,British Grand Prix,-2820.787
-1 days +23:13:59.216000,23.2,54.5,1007.0,False,39.2,123,0.9,9,British Grand Prix,-2760.784
-1 days +23:14:59.232000,23.3,54.8,1006.9,False,38.1,100,1.4,9,British Grand Prix,-2700.768
-1 days +23:15:59.209000,23.2,55.3,1007.0,False,37.6,171,1.5,9,British Grand Prix,-2640.791
-1 days +23:16:59.216000,23.1,55.9,1006.9,False,37.8,220,1.8,9,British Grand Prix,-2580.784
-1 days +23:17:59.231000,23.1,56.2,1006.9,False,37.5,229,1.4,9,British Grand Prix,-2520.769
-1 days +23:18:59.260000,23.4,56.2,1006.7,False,38.2,233,1.6,9,British Grand Prix,-2460.74
-1 days +23:19:59.258000,23.1,55.8,1006.8,False,38.7,294,1.1,9,British Grand Prix,-2400.742
-1 days +23:20:59.281000,23.2,54.2,1006.8,False,40.2,181,1.6,9,British Grand Prix,-2340.719
-1 days +23:21:59.306000,23.3,54.5,1007.0,False,40.7,238,1.0,9,British Grand Prix,-2280.694
-1 days +23:22:59.307000,23.3,54.1,1006.9,False,41.1,264,1.9,9,British Grand Prix,-2220.693
-1 days +23:23:59.306000,23.4,53.5,1006.9,False,41.1,193,0.8,9,British Grand Prix,-2160.694
-1 days +23:24:59.301000,23.4,53.5,1006.9,False,41.1,193,0.8,9,British Grand Prix,-2100.699
-1 days +23:25:59.299000,23.4,53.5,1006.9,False,41.1,193,0.8,9,British Grand Prix,-2040.701
-1 days +23:26:59.301000,23.4,53.5,1006.9,False,41.1,193,0.8,9,British Grand Prix,-1980.699
-1 days +23:27:59.293000,23.7,53.3,1006.8,False,40.2,227,2.9,9,British Grand Prix,-1920.707
-1 days +23:28:59.302000,23.8,52.8,1006.8,False,40.0,248,2.6,9,British Grand Prix,-1860.698
-1 days +23:29:59.304000,23.8,53.2,1006.8,False,39.2,246,2.8,9,British Grand Prix,-1800.696
-1 days +23:30:59.303000,23.7,53.2,1006.8,False,39.2,246,2.8,9,British Grand Prix,-1740.697
-1 days +23:31:59.304000,23.5,53.2,1006.8,False,39.2,246,2.8,9,British Grand Prix,-1680.696
-1 days +23:32:59.306000,23.6,53.2,1006.8,False,39.2,246,2.8,9,British Grand Prix,-1620.694
-1 days +23:33:59.307000,23.6,53.5,1006.8,False,38.6,288,1.3,9,British Grand Prix,-1560.693
-1 days +23:34:59.316000,23.5,54.3,1006.8,False,37.6,267,3.1,9,British Grand Prix,-1500.684
-1 days +23:35:59.324000,23.4,54.3,1006.8,False,37.6,267,3.1,9,British Grand Prix,-1440.676
-1 days +23:36:59.325000,23.5,54.3,1006.8,False,37.6,267,3.1,9,British Grand Prix,-1380.675
-1 days +23:37:59.342000,23.7,53.4,1006.7,False,38.9,295,1.3,9,British Grand Prix,-1320.658
-1 days +23:38:59.356000,23.7,53.4,1006.7,False,38.9,295,1.3,9,British Grand Prix,-1260.644
-1 days +23:39:59.357000,24.3,53.4,1006.7,False,38.9,295,1.3,9,British Grand Prix,-1200.643
-1 days +23:40:59.374000,23.9,53.4,1006.7,False,38.9,295,1.3,9,British Grand Prix,-1140.626
-1 days +23:41:59.394000,24.0,52.5,1006.8,False,39.3,248,1.3,9,British Grand Prix,-1080.606
-1 days +23:42:59.406000,23.8,51.4,1006.8,False,38.9,209,2.4,9,British Grand Prix,-1020.594
-1 days +23:43:59.412000,23.9,51.4,1006.8,False,38.9,209,2.4,9,British Grand Prix,-960.588
-1 days +23:44:59.426000,23.8,53.9,1006.7,False,40.7,223,1.3,9,British Grand Prix,-900.574
-1 days +23:45:59.425000,24.0,54.4,1006.7,False,40.6,230,2.2,9,British Grand Prix,-840.575
-1 days +23:46:59.441000,23.9,52.8,1006.7,False,40.6,241,2.7,9,British Grand Prix,-780.559
-1 days +23:47:59.441000,24.3,52.8,1006.7,False,40.6,241,2.7,9,British Grand Prix,-720.559
-1 days +23:48:59.490000,24.0,52.8,1006.7,False,40.6,241,2.7,9,British Grand Prix,-660.51
-1 days +23:49:59.461000,24.6,52.8,1006.7,False,40.6,241,2.7,9,British Grand Prix,-600.539
-1 days +23:50:59.463000,24.6,51.0,1006.8,False,41.5,244,0.9,9,British Grand Prix,-540.537
-1 days +23:51:59.475000,24.4,51.0,1006.8,False,41.5,244,0.9,9,British Grand Prix,-480.525
-1 days +23:52:59.493000,24.4,49.7,1006.7,False,41.5,167,0.7,9,British Grand Prix,-420.507
-1 days +23:53:59.509000,24.1,49.7,1006.7,False,41.5,167,0.7,9,British Grand Prix,-360.491
-1 days +23:54:59.525000,24.5,49.9,1006.7,False,41.2,12,1.1,9,British Grand Prix,-300.475
-1 days +23:55:59.570000,24.5,50.2,1006.5,False,42.1,323,1.5,9,British Grand Prix,-240.43
-1 days +23:56:59.548000,24.8,50.8,1006.5,False,41.9,205,3.3,9,British Grand Prix,-180.452
-1 days +23:57:59.558000,24.9,49.0,1006.6,False,40.4,286,1.0,9,British Grand Prix,-120.442
-1 days +23:58:59.559000,24.4,50.3,1006.6,False,39.4,206,1.6,9,British Grand Prix,-60.441
-1 days +23:59:59.561000,24.4,49.5,1006.6,False,39.3,171,1.2,9,British Grand Prix,-0.439
0 days 00:00:59.551000,24.3,49.5,1006.6,False,39.3,171,1.2,9,British Grand Prix,59.551
0 days 00:01:59.561000,24.3,51.2,1006.6,False,41.1,167,1.6,9,British Grand Prix,119.561
0 days 00:02:59.561000,24.3,51.2,1006.6,False,41.1,167,1.6,9,British Grand Prix,179.561
0 days 00:03:59.568000,24.5,52.3,1006.6,False,40.6,185,1.3,9,British Grand Prix,239.568
0 days 00:04:59.585000,24.4,52.3,1006.6,False,40.6,185,1.3,9,British Grand Prix,299.585
0 days 00:05:59.578000,24.6,50.7,1006.5,False,42.2,273,1.4,9,British Grand Prix,359.578
0 days 00:06:59.584000,24.4,50.0,1006.5,False,42.3,265,2.2,9,British Grand Prix,419.584
0 days 00:07:59.581000,24.6,50.0,1006.5,False,42.3,265,2.2,9,British Grand Prix,479.581
0 days 00:08:59.581000,24.6,50.2,1006.5,False,42.3,296,1.5,9,British Grand Prix,539.581
0 days 00:09:59.587000,24.5,50.4,1006.5,False,41.7,262,1.6,9,British Grand Prix,599.587
0 days 00:10:59.582000,24.5,49.9,1006.5,False,42.6,217,2.3,9,British Grand Prix,659.582
0 days 00:11:59.586000,24.5,50.1,1006.6,False,41.3,287,2.3,9,British Grand Prix,719.586
0 days 00:12:59.590000,24.5,49.9,1006.4,False,42.3,250,2.8,9,British Grand Prix,779.59
0 days 00:13:59.593000,24.5,49.9,1006.4,False,42.3,250,2.8,9,British Grand Prix,839.593
0 days 00:14:59.591000,24.8,49.8,1006.5,False,42.3,180,0.8,9,British Grand Prix,899.591
0 days 00:15:59.586000,25.0,47.9,1006.5,False,42.4,137,1.4,9,British Grand Prix,959.586
0 days 00:16:59.599000,25.0,46.7,1006.4,False,41.5,77,0.9,9,British Grand Prix,1019.599
0 days 00:17:59.588000,25.3,46.7,1006.4,False,41.5,77,0.9,9,British Grand Prix,1079.588
0 days 00:18:59.597000,25.2,46.7,1006.4,False,42.4,78,2.8,9,British Grand Prix,1139.597
0 days 00:19:59.596000,25.2,46.7,1006.4,False,42.4,78,2.8,9,British Grand Prix,1199.596
0 days 00:20:59.597000,25.2,46.7,1006.4,False,42.4,78,2.8,9,British Grand Prix,1259.597
0 days 00:21:59.592000,25.0,46.7,1006.4,False,42.4,78,2.8,9,British Grand Prix,1319.592
0 days 00:22:59.597000,24.9,46.7,1006.4,False,42.4,78,2.8,9,British Grand Prix,1379.597
0 days 00:23:59.600000,25.0,46.7,1006.4,False,42.4,78,2.8,9,British Grand Prix,1439.6
0 days 00:24:59.597000,25.0,48.3,1006.5,False,43.7,249,1.1,9,British Grand Prix,1499.597
0 days 00:25:59.598000,25.0,48.3,1006.6,False,43.8,146,0.4,9,British Grand Prix,1559.598
0 days 00:26:59.601000,24.9,49.0,1006.4,False,43.7,232,2.7,9,British Grand Prix,1619.601
0 days 00:27:59.627000,24.8,49.0,1006.4,False,42.9,263,1.4,9,British Grand Prix,1679.627
0 days 00:28:59.596000,25.0,48.6,1006.4,False,42.9,251,3.7,9,British Grand Prix,1739.596
0 days 00:29:59.606000,25.0,48.6,1006.5,False,42.6,220,1.1,9,British Grand Prix,1799.606
0 days 00:30:59.598000,24.9,48.6,1006.5,False,42.6,220,1.1,9,British Grand Prix,1859.598
0 days 00:31:59.607000,25.0,48.6,1006.5,False,42.6,220,1.1,9,British Grand Prix,1919.607
0 days 00:32:59.598000,25.5,47.7,1006.3,False,41.4,267,4.2,9,British Grand Prix,1979.598
0 days 00:33:59.595000,25.3,48.5,1006.3,False,41.5,231,3.3,9,British Grand Prix,2039.595
0 days 00:34:59.610999999,25.3,48.4,1006.4,False,40.8,267,1.2,9,British Grand Prix,2099.610999999
0 days 00:35:59.601000,25.5,48.4,1006.4,False,40.8,267,1.2,9,British Grand Prix,2159.601
0 days 00:36:59.597000,26.0,48.4,1006.4,False,40.8,267,1.2,9,British Grand Prix,2219.597
0 days 00:37:59.602000,25.5,48.9,1006.3,False,41.6,262,4.8,9,British Grand Prix,2279.602
0 days 00:38:59.608000,25.5,48.2,1006.4,False,41.5,65,0.4,9,British Grand Prix,2339.608
0 days 00:39:59.613000,25.6,48.2,1006.4,False,41.5,65,0.4,9,British Grand Prix,2399.613
0 days 00:40:59.607000,25.3,48.5,1006.3,False,41.3,234,1.6,9,British Grand Prix,2459.607
0 days 00:41:59.607000,25.3,48.5,1006.3,False,41.3,234,1.6,9,British Grand Prix,2519.607
0 days 00:42:59.607000,26.0,48.5,1006.3,False,41.3,234,1.6,9,British Grand Prix,2579.607
0 days 00:43:59.607000,25.4,48.5,1006.3,False,39.3,250,2.8,9,British Grand Prix,2639.607
0 days 00:44:59.608000,25.6,48.5,1006.3,False,39.3,250,2.8,9,British Grand Prix,2699.608
0 days 00:45:59.607000,25.2,48.5,1006.3,False,39.3,250,2.8,9,British Grand Prix,2759.607
0 days 00:46:59.621000,25.1,49.5,1006.3,False,39.3,219,1.7,9,British Grand Prix,2819.621
0 days 00:47:59.639000,25.0,50.1,1006.4,False,38.7,232,3.8,9,British Grand Prix,2879.639
0 days 00:48:59.656000,24.8,50.8,1006.3,False,38.4,246,2.3,9,British Grand Prix,2939.656
0 days 00:49:59.656000,24.9,50.9,1006.2,False,38.1,225,2.9,9,British Grand Prix,2999.656
0 days 00:50:59.673000,25.0,50.1,1006.4,False,37.5,263,0.8,9,British Grand Prix,3059.673
0 days 00:51:59.669000,25.4,50.1,1006.4,False,37.5,263,0.8,9,British Grand Prix,3119.669
0 days 00:52:59.674000,25.0,50.4,1006.3,False,38.8,244,0.6,9,British Grand Prix,3179.674
0 days 00:53:59.691000,25.0,50.5,1006.3,False,37.7,269,2.1,9,British Grand Prix,3239.691
0 days 00:54:59.710000,25.2,50.5,1006.3,False,37.7,269,2.1,9,British Grand Prix,3299.71
0 days 00:55:59.708000,25.8,50.5,1006.3,False,37.7,269,2.1,9,British Grand Prix,3359.708
0 days 00:56:59.709000,25.6,49.2,1006.2,False,38.3,207,1.9,9,British Grand Prix,3419.709
0 days 00:57:59.715000,25.5,49.2,1006.2,False,38.3,207,1.9,9,British Grand Prix,3479.715
0 days 00:58:59.716000,25.6,48.4,1006.2,False,38.9,112,1.5,9,British Grand Prix,3539.716
0 days 00:59:59.727000,25.5,48.4,1006.2,False,38.9,112,1.5,9,British Grand Prix,3599.727
0 days 01:00:59.729000,25.4,48.4,1006.2,False,38.9,112,1.5,9,British Grand Prix,3659.729
0 days 01:01:59.728000,25.2,48.4,1006.2,False,38.9,112,1.5,9,British Grand Prix,3719.728
0 days 01:02:59.745000,25.3,48.4,1006.2,False,38.9,112,1.5,9,British Grand Prix,3779.745
0 days 01:03:59.756000,25.4,48.4,1006.2,False,38.9,112,1.5,9,British Grand Prix,3839.756
0 days 01:04:59.735000,25.4,48.4,1006.2,False,38.9,112,1.5,9,British Grand Prix,3899.735
0 days 01:05:59.746000,25.3,47.4,1006.1,False,38.8,243,2.0,9,British Grand Prix,3959.746
0 days 01:06:59.748000,25.3,47.9,1006.0,False,38.4,247,1.4,9,British Grand Prix,4019.748
0 days 01:07:59.748000,25.4,47.7,1006.2,False,38.4,212,1.4,9,British Grand Prix,4079.748
0 days 01:08:59.752999999,25.4,48.4,1006.2,False,38.8,110,0.8,9,British Grand Prix,4139.752999999
0 days 01:09:59.787000,25.6,47.2,1006.1,False,38.7,305,0.6,9,British Grand Prix,4199.787
0 days 01:10:59.781000,25.4,47.2,1006.1,False,38.7,305,0.6,9,British Grand Prix,4259.781
0 days 01:11:59.803000,25.4,47.8,1006.1,False,39.0,233,2.8,9,British Grand Prix,4319.803
0 days 01:12:59.801999999,25.6,48.4,1006.0,False,38.7,242,1.2,9,British Grand Prix,4379.801999999
0 days 01:13:59.791000,25.4,47.5,1006.0,False,38.7,223,2.0,9,British Grand Prix,4439.791
0 days 01:14:59.795000,25.4,48.2,1006.0,False,38.2,231,2.6,9,British Grand Prix,4499.795
0 days 01:15:59.803000,25.4,48.6,1005.9,False,38.7,255,2.0,9,British Grand Prix,4559.803
0 days 01:16:59.835000,25.6,48.6,1005.9,False,38.7,255,2.0,9,British Grand Prix,4619.835
0 days 01:17:59.828000,25.6,47.8,1006.0,False,38.7,273,1.8,9,British Grand Prix,4679.828
0 days 01:18:59.816000,25.6,47.2,1006.0,False,39.3,228,1.4,9,British Grand Prix,4739.816
0 days 01:19:59.799000,26.1,47.2,1006.0,False,39.3,228,1.4,9,British Grand Prix,4799.799
0 days 01:20:59.818000,25.5,48.0,1006.0,False,39.8,144,0.6,9,British Grand Prix,4859.818
0 days 01:21:59.816000,25.7,47.9,1005.9,False,39.8,197,0.6,9,British Grand Prix,4919.816
0 days 01:22:59.837000,25.7,48.1,1006.0,False,39.5,279,1.9,9,British Grand Prix,4979.837
0 days 01:23:59.834000,25.7,46.4,1005.8,False,39.8,208,3.8,9,British Grand Prix,5039.834
0 days 01:24:59.836000,25.4,47.5,1005.9,False,39.7,212,1.7,9,British Grand Prix,5099.836
0 days 01:25:59.852000,25.6,47.4,1006.0,False,39.4,306,1.1,9,British Grand Prix,5159.852
0 days 01:26:59.854000,25.5,46.5,1005.9,False,39.3,266,2.2,9,British Grand Prix,5219.854
0 days 01:27:59.856000,25.7,47.3,1005.9,False,39.3,301,1.8,9,British Grand Prix,5279.856
0 days 01:28:59.872000,25.8,46.9,1005.9,False,40.1,262,2.2,9,British Grand Prix,5339.872
0 days 01:29:59.872000,25.8,46.9,1005.9,False,40.1,262,2.2,9,British Grand Prix,5399.872
0 days 01:30:59.889000,25.8,46.3,1005.7,False,40.4,117,2.5,9,British Grand Prix,5459.889
0 days 01:31:59.888000,25.9,44.9,1005.8,False,39.8,166,1.4,9,British Grand Prix,5519.888
0 days 01:32:59.890000,25.8,45.5,1005.8,False,39.7,245,1.3,9,British Grand Prix,5579.89
0 days 01:33:59.894000,25.8,45.5,1005.8,False,40.2,0,0.0,9,British Grand Prix,5639.894
0 days 01:34:59.893000,25.8,45.6,1005.8,False,39.9,235,1.4,9,British Grand Prix,5699.893
0 days 01:35:59.892000,26.0,46.3,1005.8,False,40.3,210,1.7,9,British Grand Prix,5759.892
0 days 01:36:59.894000,25.9,45.4,1005.9,False,39.5,21,0.7,9,British Grand Prix,5819.894
0 days 01:37:59.882000,25.8,45.8,1005.8,False,39.6,292,0.9,9,British Grand Prix,5879.882
0 days 01:38:59.893000,25.6,46.0,1005.8,False,39.4,287,1.4,9,British Grand Prix,5939.893
0 days 01:39:59.894000,25.6,46.0,1005.8,False,39.4,287,1.4,9,British Grand Prix,5999.894
0 days 01:40:59.896000,25.6,46.6,1005.8,False,39.6,130,1.5,9,British Grand Prix,6059.896
0 days 01:41:59.896000,25.5,47.0,1005.8,False,39.7,233,0.9,9,British Grand Prix,6119.896
0 days 01:42:59.896000,25.5,47.0,1005.7,False,39.6,248,2.8,9,British Grand Prix,6179.896
0 days 01:43:59.897000,25.6,46.2,1005.8,False,38.4,274,2.3,9,British Grand Prix,6239.897
-1 days +23:08:37.363000,18.1,50.2,972.7,False,35.9,287,1.6,10,Belgian Grand Prix,-3082.637
-1 days +23:09:37.374000,18.2,49.3,972.7,False,37.0,297,2.3,10,Belgian Grand Prix,-3022.626
-1 days +23:10:37.418000,18.9,49.3,972.7,False,37.0,297,2.3,10,Belgian Grand Prix,-2962.582
-1 days +23:11:37.389000,18.4,48.8,972.8,False,36.5,344,3.1,10,Belgian Grand Prix,-2902.611
-1 days +23:12:37.388000,18.2,48.9,972.6,False,36.7,5,1.4,10,Belgian Grand Prix,-2842.612
-1 days +23:13:37.391000,18.1,49.8,972.7,False,36.5,310,1.8,10,Belgian Grand Prix,-2782.609
-1 days +23:14:37.390000,18.1,50.4,972.7,False,35.9,319,3.7,10,Belgian Grand Prix,-2722.61
-1 days +23:15:37.377000,18.3,48.2,972.8,False,36.1,349,1.5,10,Belgian Grand Prix,-2662.623
-1 days +23:16:37.392000,18.4,49.3,972.8,False,35.4,334,3.6,10,Belgian Grand Prix,-2602.608
-1 days +23:17:37.388000,18.4,50.0,972.6,False,35.2,304,1.8,10,Belgian Grand Prix,-2542.612
-1 days +23:18:37.388000,18.7,50.0,972.6,False,35.2,304,1.8,10,Belgian Grand Prix,-2482.612
-1 days +23:19:37.395000,18.6,48.4,972.7,False,35.1,347,3.3,10,Belgian Grand Prix,-2422.605
-1 days +23:20:37.394000,18.5,47.9,972.7,False,36.3,330,2.5,10,Belgian Grand Prix,-2362.606
-1 days +23:21:37.395000,18.3,49.6,972.7,False,36.2,352,1.2,10,Belgian Grand Prix,-2302.605
-1 days +23:22:37.399000,18.1,49.2,972.8,False,34.4,14,0.5,10,Belgian Grand Prix,-2242.601
-1 days +23:23:37.395000,18.2,48.2,972.7,False,34.4,80,3.2,10,Belgian Grand Prix,-2182.605
-1 days +23:24:37.399000,18.2,47.8,972.7,False,34.3,77,2.7,10,Belgian Grand Prix,-2122.601
-1 days +23:25:37.398000001,18.3,48.0,972.7,False,33.9,312,2.9,10,Belgian Grand Prix,-2062.601999999
-1 days +23:26:37.398000,18.4,48.3,972.7,False,33.3,357,2.7,10,Belgian Grand Prix,-2002.602
-1 days +23:27:37.394000,18.5,48.3,972.8,False,31.9,278,0.3,10,Belgian Grand Prix,-1942.606
-1 days +23:28:37.409000,18.4,49.7,972.7,False,33.2,351,0.8,10,Belgian Grand Prix,-1882.591
-1 days +23:29:37.424000,18.2,49.7,972.8,False,31.2,287,2.5,10,Belgian Grand Prix,-1822.576
-1 days +23:30:37.446000,18.5,49.3,972.7,False,31.8,269,1.5,10,Belgian Grand Prix,-1762.554
-1 days +23:31:37.434000,18.5,49.0,972.8,False,31.8,278,2.8,10,Belgian Grand Prix,-1702.566
-1 days +23:32:37.431000,18.0,49.3,972.8,False,31.4,255,1.2,10,Belgian Grand Prix,-1642.569
-1 days +23:33:37.431000,18.2,49.8,972.7,False,31.7,317,3.9,10,Belgian Grand Prix,-1582.569
-1 days +23:34:37.432000,17.8,49.8,972.7,False,31.7,317,3.9,10,Belgian Grand Prix,-1522.568
-1 days +23:35:37.436000,17.9,50.0,972.8,False,27.1,300,2.8,10,Belgian Grand Prix,-1462.564
-1 days +23:36:37.433000,17.8,51.0,972.8,False,26.8,293,3.6,10,Belgian Grand Prix,-1402.567
-1 days +23:37:37.436000,17.7,51.8,972.9,False,27.2,298,2.1,10,Belgian Grand Prix,-1342.564
-1 days +23:38:37.434000,17.7,52.2,972.8,False,27.8,300,1.6,10,Belgian Grand Prix,-1282.566
-1 days +23:39:37.434000,16.7,52.2,972.8,False,27.8,300,1.6,10,Belgian Grand Prix,-1222.566
-1 days +23:40:37.430000,17.6,51.3,972.8,False,27.8,287,1.1,10,Belgian Grand Prix,-1162.57
-1 days +23:41:37.439000,17.1,51.3,972.8,False,27.8,287,1.1,10,Belgian Grand Prix,-1102.561
-1 days +23:42:37.444000,18.2,50.5,972.9,False,27.8,309,2.5,10,Belgian Grand Prix,-1042.556
-1 days +23:43:37.438000,17.2,50.5,972.9,False,27.8,309,2.5,10,Belgian Grand Prix,-982.562
-1 days +23:44:37.443000,17.4,51.1,972.8,False,27.6,257,1.3,10,Belgian Grand Prix,-922.557
-1 days +23:45:37.440000,17.3,50.9,972.9,False,27.6,297,1.1,10,Belgian Grand Prix,-862.56
-1 days +23:46:37.446000,17.4,50.7,972.8,False,28.3,295,1.7,10,Belgian Grand Prix,-802.554
-1 days +23:47:37.440000,17.4,50.5,972.8,False,29.5,326,0.9,10,Belgian Grand Prix,-742.56
-1 days +23:48:37.453000,17.4,50.3,972.8,False,28.6,287,2.8,10,Belgian Grand Prix,-682.547
-1 days +23:49:37.444000,17.5,48.7,972.9,False,26.1,294,2.7,10,Belgian Grand Prix,-622.556
-1 days +23:50:37.448000,17.5,48.1,973.0,False,27.5,253,1.0,10,Belgian Grand Prix,-562.552
-1 days +23:51:37.449000,17.5,49.6,972.9,False,28.0,277,1.0,10,Belgian Grand Prix,-502.551
-1 days +23:52:37.441000,18.0,50.1,972.9,False,28.9,322,2.3,10,Belgian Grand Prix,-442.559
-1 days +23:53:37.449000,17.6,50.2,972.9,False,28.4,337,2.1,10,Belgian Grand Prix,-382.551
-1 days +23:54:37.450000,17.5,50.3,973.0,False,28.1,297,2.6,10,Belgian Grand Prix,-322.55
-1 days +23:55:37.448000,17.4,50.9,972.9,False,28.1,309,2.6,10,Belgian Grand Prix,-262.552
-1 days +23:56:37.457000,17.4,50.3,972.9,False,27.9,326,0.4,10,Belgian Grand Prix,-202.543
-1 days +23:57:37.466000,17.3,51.5,972.9,False,28.1,309,1.9,10,Belgian Grand Prix,-142.534
-1 days +23:58:37.464000,16.8,51.5,972.9,False,28.1,309,1.9,10,Belgian Grand Prix,-82.536
-1 days +23:59:37.498000,17.2,52.8,973.0,False,28.6,314,1.9,10,Belgian Grand Prix,-22.502
0 days 00:00:37.485000,17.6,53.0,973.0,False,29.1,319,3.9,10,Belgian Grand Prix,37.485
0 days 00:01:37.487000,17.3,52.0,972.9,False,29.4,333,0.5,10,Belgian Grand Prix,97.487
0 days 00:02:37.487000,17.1,53.1,972.9,False,28.9,317,3.4,10,Belgian Grand Prix,157.487
0 days 00:03:37.486000,17.0,52.6,973.0,False,29.1,313,3.0,10,Belgian Grand Prix,217.486
0 days 00:04:37.494000,17.1,53.6,973.0,False,34.4,318,1.8,10,Belgian Grand Prix,277.494
0 days 00:05:37.490000,17.0,53.7,973.0,False,29.1,319,2.5,10,Belgian Grand Prix,337.49
0 days 00:06:37.496000,17.0,53.0,973.1,False,29.0,306,2.3,10,Belgian Grand Prix,397.496
0 days 00:07:37.495000,17.0,52.6,972.9,False,28.8,295,3.1,10,Belgian Grand Prix,457.495
0 days 00:08:37.489000,17.1,52.3,973.0,False,28.1,326,3.3,10,Belgian Grand Prix,517.489
0 days 00:09:37.493000,17.0,52.7,973.1,False,28.6,321,2.0,10,Belgian Grand Prix,577.493
0 days 00:10:37.492000,17.0,53.5,973.0,False,28.3,314,1.7,10,Belgian Grand Prix,637.492
0 days 00:11:37.481000,17.0,53.7,973.1,False,28.4,316,3.1,10,Belgian Grand Prix,697.481
0 days 00:12:37.494000,17.0,52.9,973.1,False,28.4,313,2.4,10,Belgian Grand Prix,757.494
0 days 00:13:37.498000,17.0,53.7,973.0,False,28.7,329,2.4,10,Belgian Grand Prix,817.498
0 days 00:14:37.502000,17.0,53.2,973.0,False,28.4,303,3.0,10,Belgian Grand Prix,877.502
0 days 00:15:37.504000,17.0,52.9,973.1,False,28.7,325,1.3,10,Belgian Grand Prix,937.504
0 days 00:16:37.515000,17.1,53.3,973.0,False,28.4,301,2.5,10,Belgian Grand Prix,997.515
0 days 00:17:37.483000,17.2,53.1,973.1,False,28.5,307,0.8,10,Belgian Grand Prix,1057.483
0 days 00:18:37.513000,17.2,52.5,973.0,False,28.4,317,3.0,10,Belgian Grand Prix,1117.513
0 days 00:19:37.506000,17.3,52.7,973.0,False,28.5,323,1.9,10,Belgian Grand Prix,1177.506
0 days 00:20:37.524000,17.2,52.9,973.0,False,28.0,327,3.3,10,Belgian Grand Prix,1237.524
0 days 00:21:37.508000,17.2,53.2,973.0,False,28.1,308,2.1,10,Belgian Grand Prix,1297.508
0 days 00:22:37.519000,17.2,53.7,973.0,False,28.2,327,2.0,10,Belgian Grand Prix,1357.519
0 days 00:23:37.502000,17.2,53.5,973.0,False,28.6,324,2.3,10,Belgian Grand Prix,1417.502
0 days 00:24:37.531000,17.2,53.8,973.0,False,28.8,302,2.0,10,Belgian Grand Prix,1477.531
0 days 00:25:37.528000,17.3,53.9,973.0,False,29.5,292,1.6,10,Belgian Grand Prix,1537.528
0 days 00:26:37.536000,17.3,53.7,973.1,False,29.5,336,0.4,10,Belgian Grand Prix,1597.536
0 days 00:27:37.548000,17.4,53.3,973.0,False,29.5,353,1.8,10,Belgian Grand Prix,1657.548
0 days 00:28:37.548000,17.4,52.2,973.0,False,29.0,298,1.4,10,Belgian Grand Prix,1717.548
0 days 00:29:37.556000,17.5,52.4,973.0,False,29.0,316,1.7,10,Belgian Grand Prix,1777.556
0 days 00:30:37.539000,17.5,52.3,973.0,False,29.2,315,0.7,10,Belgian Grand Prix,1837.539
0 days 00:31:37.551000,17.6,52.6,972.9,False,28.9,305,2.0,10,Belgian Grand Prix,1897.551
0 days 00:32:37.559000,17.6,52.1,973.0,False,28.9,315,1.4,10,Belgian Grand Prix,1957.559
0 days 00:33:37.562000,17.6,52.1,972.9,False,29.1,319,1.4,10,Belgian Grand Prix,2017.562
0 days 00:34:37.552000,17.5,52.9,972.9,False,28.9,342,2.3,10,Belgian Grand Prix,2077.552
0 days 00:35:37.560000,17.5,53.5,973.0,False,29.0,325,0.5,10,Belgian Grand Prix,2137.56
0 days 00:36:37.547000,17.5,54.2,973.0,False,28.8,302,0.7,10,Belgian Grand Prix,2197.547
0 days 00:37:37.566000,17.4,53.7,972.9,False,29.7,0,0.0,10,Belgian Grand Prix,2257.566
0 days 00:38:37.537000,17.5,53.5,972.9,False,31.3,317,2.1,10,Belgian Grand Prix,2317.537
0 days 00:39:37.558000,17.5,53.1,972.9,False,31.4,299,0.8,10,Belgian Grand Prix,2377.558
0 days 00:40:37.547000,17.7,54.0,972.9,False,30.0,291,2.5,10,Belgian Grand Prix,2437.547
0 days 00:41:37.546000,17.8,52.3,972.9,False,30.9,329,4.0,10,Belgian Grand Prix,2497.546
0 days 00:42:37.586000,18.0,52.3,972.9,False,30.7,303,1.9,10,Belgian Grand Prix,2557.586
0 days 00:43:37.566000,18.0,52.4,972.8,False,30.5,299,0.9,10,Belgian Grand Prix,2617.566
0 days 00:44:37.554000,18.2,51.3,972.9,False,30.9,298,1.7,10,Belgian Grand Prix,2677.554
0 days 00:45:37.574000,18.2,50.0,972.8,False,31.3,301,3.3,10,Belgian Grand Prix,2737.574
0 days 00:46:37.562000,18.1,50.3,972.7,False,32.3,313,1.6,10,Belgian Grand Prix,2797.562
0 days 00:47:37.570000,18.0,50.1,972.8,False,32.2,317,0.4,10,Belgian Grand Prix,2857.57
0 days 00:48:37.566000,18.0,50.7,972.8,False,32.2,295,2.3,10,Belgian Grand Prix,2917.566
0 days 00:49:37.550000,18.0,48.9,972.7,False,32.5,311,1.4,10,Belgian Grand Prix,2977.55
0 days 00:50:37.578000,18.1,48.0,972.6,False,32.5,298,2.2,10,Belgian Grand Prix,3037.578
0 days 00:51:37.574000,18.3,47.7,972.8,False,32.3,321,1.4,10,Belgian Grand Prix,3097.574
0 days 00:52:37.576000,18.5,47.4,972.7,False,32.7,338,1.2,10,Belgian Grand Prix,3157.576
0 days 00:53:37.568000,18.4,47.0,972.6,False,32.5,254,1.2,10,Belgian Grand Prix,3217.568
0 days 00:54:37.561000,18.4,47.8,972.6,False,31.9,300,2.5,10,Belgian Grand Prix,3277.561
0 days 00:55:37.547000,18.5,47.1,972.7,False,31.7,280,2.0,10,Belgian Grand Prix,3337.547
0 days 00:56:37.573000,18.6,45.2,972.6,False,32.2,220,0.7,10,Belgian Grand Prix,3397.573
0 days 00:57:37.564000,18.6,45.0,972.6,False,32.2,312,2.1,10,Belgian Grand Prix,3457.564
0 days 00:58:37.560000,18.7,43.5,972.5,False,32.5,259,0.7,10,Belgian Grand Prix,3517.56
0 days 00:59:37.561000,18.8,43.4,972.5,False,32.5,265,1.5,10,Belgian Grand Prix,3577.561
0 days 01:00:37.546000,18.9,43.7,972.6,False,33.3,350,1.3,10,Belgian Grand Prix,3637.546
0 days 01:01:37.581000,19.0,43.3,972.6,False,32.2,290,3.1,10,Belgian Grand Prix,3697.581
0 days 01:02:37.554000,19.0,40.7,972.5,False,33.1,299,0.8,10,Belgian Grand Prix,3757.554
0 days 01:03:37.596000,19.0,41.0,972.7,False,32.9,298,2.9,10,Belgian Grand Prix,3817.596
0 days 01:04:37.585000,19.0,40.6,972.6,False,32.5,302,2.3,10,Belgian Grand Prix,3877.585
0 days 01:05:37.577000,19.0,37.8,972.6,False,33.5,307,3.7,10,Belgian Grand Prix,3937.577
0 days 01:06:37.579000,19.1,40.8,972.6,False,32.0,278,2.1,10,Belgian Grand Prix,3997.579
0 days 01:07:37.582000,19.1,39.4,972.5,False,32.1,311,2.0,10,Belgian Grand Prix,4057.582
0 days 01:08:37.567000,19.1,40.8,972.6,False,33.0,312,1.4,10,Belgian Grand Prix,4117.567
0 days 01:09:37.582999999,19.2,41.5,972.7,False,33.4,322,2.4,10,Belgian Grand Prix,4177.582999999
0 days 01:10:37.577000,19.3,41.5,972.7,False,32.9,303,1.3,10,Belgian Grand Prix,4237.577
0 days 01:11:37.589000,19.3,42.2,972.7,False,32.1,284,3.9,10,Belgian Grand Prix,4297.589
0 days 01:12:37.587999999,19.2,43.1,972.7,False,33.3,319,1.8,10,Belgian Grand Prix,4357.587999999
0 days 01:13:37.586000,19.2,44.0,972.7,False,33.3,307,2.2,10,Belgian Grand Prix,4417.586
0 days 01:14:37.582000,19.3,43.7,972.6,False,33.6,47,0.5,10,Belgian Grand Prix,4477.582
0 days 01:15:37.578000,19.3,44.5,972.6,False,33.7,318,3.0,10,Belgian Grand Prix,4537.578
0 days 01:16:37.571000,19.2,43.7,972.6,False,33.3,353,1.4,10,Belgian Grand Prix,4597.571
0 days 01:17:37.591000,19.1,45.0,972.7,False,33.6,328,1.8,10,Belgian Grand Prix,4657.591
0 days 01:18:37.638000,19.1,44.0,972.7,False,32.9,0,0.0,10,Belgian Grand Prix,4717.638
0 days 01:19:37.591000,19.1,45.0,972.5,False,33.8,349,1.9,10,Belgian Grand Prix,4777.591
0 days 01:20:37.583000,19.0,44.8,972.5,False,34.0,334,1.9,10,Belgian Grand Prix,4837.583
0 days 01:21:37.600000,19.0,43.6,972.5,False,33.5,225,0.6,10,Belgian Grand Prix,4897.6
0 days 01:22:37.636000,19.0,43.3,972.5,False,32.6,0,0.0,10,Belgian Grand Prix,4957.636
0 days 01:23:37.596000,19.1,42.0,972.6,False,31.9,302,2.8,10,Belgian Grand Prix,5017.596
0 days 01:24:37.620000,19.1,40.9,972.6,False,30.9,307,3.7,10,Belgian Grand Prix,5077.62
0 days 01:25:37.596000,19.0,40.9,972.5,False,30.6,332,2.4,10,Belgian Grand Prix,5137.596
0 days 01:26:37.614000,18.9,41.5,972.6,False,29.9,297,2.9,10,Belgian Grand Prix,5197.614
0 days 01:27:37.595000,18.9,41.4,972.7,False,30.2,328,0.5,10,Belgian Grand Prix,5257.595
0 days 01:28:37.613000,18.8,41.6,972.5,False,30.7,321,2.1,10,Belgian Grand Prix,5317.613
0 days 01:29:37.603000,18.7,41.0,972.6,False,30.1,340,1.2,10,Belgian Grand Prix,5377.603
0 days 01:30:37.614000,18.8,41.2,972.7,False,30.1,0,0.0,10,Belgian Grand Prix,5437.614
0 days 01:31:37.606000,18.8,41.9,972.6,False,30.1,327,2.9,10,Belgian Grand Prix,5497.606
0 days 01:32:37.615000,18.8,40.7,972.6,False,30.1,333,3.1,10,Belgian Grand Prix,5557.615
0 days 01:33:37.613000,18.8,41.0,972.7,False,29.4,324,2.5,10,Belgian Grand Prix,5617.613
-1 days +23:09:41.419000,30.0,25.6,980.6,False,51.3,145,1.9,11,Hungarian Grand Prix,-3018.581
-1 days +23:10:41.416000,30.0,25.5,980.5,False,51.1,156,2.7,11,Hungarian Grand Prix,-2958.584
-1 days +23:11:41.415000,29.8,25.9,980.5,False,50.6,126,2.3,11,Hungarian Grand Prix,-2898.585
-1 days +23:12:41.419000,29.7,26.2,980.5,False,49.7,79,2.1,11,Hungarian Grand Prix,-2838.581
-1 days +23:13:41.432000,29.8,25.8,980.5,False,48.6,149,3.1,11,Hungarian Grand Prix,-2778.568
-1 days +23:14:41.442000,29.7,26.1,980.5,False,50.3,116,1.1,11,Hungarian Grand Prix,-2718.558
-1 days +23:15:41.450000,29.6,26.1,980.5,False,50.7,118,1.4,11,Hungarian Grand Prix,-2658.55
-1 days +23:16:41.456000,29.7,25.6,980.5,False,50.4,110,3.2,11,Hungarian Grand Prix,-2598.544
-1 days +23:17:41.463000,29.7,25.8,980.5,False,52.3,161,3.9,11,Hungarian Grand Prix,-2538.537
-1 days +23:18:41.471000,29.7,26.0,980.5,False,50.6,138,2.0,11,Hungarian Grand Prix,-2478.529
-1 days +23:19:41.478000,29.8,25.3,980.4,False,50.1,134,0.9,11,Hungarian Grand Prix,-2418.522
-1 days +23:20:41.478000,29.8,25.7,980.5,False,51.4,162,2.0,11,Hungarian Grand Prix,-2358.522
-1 days +23:21:41.503000,29.7,26.4,980.4,False,49.2,83,3.7,11,Hungarian Grand Prix,-2298.497
-1 days +23:22:41.513000,29.7,26.1,980.4,False,51.5,119,2.3,11,Hungarian Grand Prix,-2238.487
-1 days +23:23:41.528000,29.8,25.7,980.4,False,51.6,116,0.8,11,Hungarian Grand Prix,-2178.472
-1 days +23:24:41.513000,29.9,26.1,980.4,False,51.9,104,2.1,11,Hungarian Grand Prix,-2118.487
-1 days +23:25:41.542000,30.0,26.1,980.3,False,52.3,115,2.6,11,Hungarian Grand Prix,-2058.458
-1 days +23:26:41.556000,30.1,26.1,980.4,False,53.1,119,1.9,11,Hungarian Grand Prix,-1998.444
-1 days +23:27:41.558000,30.2,25.2,980.3,False,53.2,153,1.2,11,Hungarian Grand Prix,-1938.442
-1 days +23:28:41.572000,30.2,25.8,980.3,False,52.6,134,3.3,11,Hungarian Grand Prix,-1878.428
-1 days +23:29:41.572000,30.4,24.9,980.5,False,51.5,157,4.4,11,Hungarian Grand Prix,-1818.428
-1 days +23:30:41.575000,30.4,25.0,980.5,False,51.9,122,2.9,11,Hungarian Grand Prix,-1758.425
-1 days +23:31:41.584000,30.4,25.1,980.4,False,52.0,100,2.0,11,Hungarian Grand Prix,-1698.416
-1 days +23:32:41.588000,30.4,25.2,980.4,False,50.5,102,4.3,11,Hungarian Grand Prix,-1638.412
-1 days +23:33:41.588000,30.4,25.9,980.4,False,51.7,125,2.8,11,Hungarian Grand Prix,-1578.412
-1 days +23:34:41.594000,30.4,25.8,980.5,False,52.0,163,2.7,11,Hungarian Grand Prix,-1518.406
-1 days +23:35:41.591000,30.4,25.5,980.3,False,52.0,128,2.9,11,Hungarian Grand Prix,-1458.409
-1 days +23:36:41.603000,30.4,25.6,980.3,False,52.4,144,2.8,11,Hungarian Grand Prix,-1398.397
-1 days +23:37:41.602000,30.5,25.4,980.2,False,52.0,129,2.1,11,Hungarian Grand Prix,-1338.398
-1 days +23:38:41.579000,30.3,25.2,980.3,False,52.5,109,3.7,11,Hungarian Grand Prix,-1278.421
-1 days +23:39:41.594000,30.2,25.2,980.2,False,52.6,114,2.7,11,Hungarian Grand Prix,-1218.406
-1 days +23:40:41.600000,30.2,25.0,980.2,False,52.0,107,2.8,11,Hungarian Grand Prix,-1158.4
-1 days +23:41:41.600000,30.2,25.3,980.2,False,51.1,136,2.4,11,Hungarian Grand Prix,-1098.4
-1 days +23:42:41.591000,30.2,25.8,980.2,False,44.2,100,2.0,11,Hungarian Grand Prix,-1038.409
-1 days +23:43:41.591000,30.2,25.6,980.1,False,52.1,140,2.4,11,Hungarian Grand Prix,-978.409
-1 days +23:44:41.602000,30.2,25.6,980.2,False,52.1,143,0.5,11,Hungarian Grand Prix,-918.398
-1 days +23:45:41.608000,30.2,25.7,980.3,False,51.8,83,2.4,11,Hungarian Grand Prix,-858.392
-1 days +23:46:41.603000,30.4,26.0,980.3,False,52.7,132,3.0,11,Hungarian Grand Prix,-798.397
-1 days +23:47:41.591000,30.7,25.0,980.4,False,52.6,152,2.5,11,Hungarian Grand Prix,-738.409
-1 days +23:48:41.603000,30.7,24.5,980.2,False,51.2,97,2.7,11,Hungarian Grand Prix,-678.397
-1 days +23:49:41.602000,30.7,25.1,980.2,False,52.5,161,2.4,11,Hungarian Grand Prix,-618.398
-1 days +23:50:41.603000,30.8,24.8,980.3,False,51.0,180,4.1,11,Hungarian Grand Prix,-558.397
-1 days +23:51:41.606000,30.7,24.5,980.4,False,50.7,206,1.7,11,Hungarian Grand Prix,-498.394
-1 days +23:52:41.603000,29.8,24.5,980.4,False,50.7,206,1.7,11,Hungarian Grand Prix,-438.397
-1 days +23:53:41.602000,30.3,25.3,980.3,False,52.2,105,1.7,11,Hungarian Grand Prix,-378.398
-1 days +23:54:41.614000,30.2,25.6,980.4,False,52.5,124,1.2,11,Hungarian Grand Prix,-318.386
-1 days +23:55:41.614000,30.2,25.0,980.3,False,50.8,105,2.8,11,Hungarian Grand Prix,-258.386
-1 days +23:56:41.614000,30.2,25.1,980.2,False,51.2,70,1.4,11,Hungarian Grand Prix,-198.386
-1 days +23:57:41.628000,30.3,26.0,980.2,False,52.3,97,1.1,11,Hungarian Grand Prix,-138.372
-1 days +23:58:41.634000,30.4,25.6,980.2,False,51.3,109,3.5,11,Hungarian Grand Prix,-78.366
-1 days +23:59:41.652000,30.4,25.3,980.2,False,52.5,113,1.6,11,Hungarian Grand Prix,-18.348
0 days 00:00:41.665000,30.3,25.1,980.2,False,51.5,155,1.1,11,Hungarian Grand Prix,41.665
0 days 00:01:41.666000,30.2,25.8,980.1,False,52.1,104,2.7,11,Hungarian Grand Prix,101.666
0 days 00:02:41.657000,30.4,25.6,980.2,False,52.0,108,2.7,11,Hungarian Grand Prix,161.657
0 days 00:03:41.658000,30.4,25.2,980.2,False,52.8,118,4.7,11,Hungarian Grand Prix,221.658
0 days 00:04:41.662000,30.4,25.0,980.1,False,51.4,107,4.7,11,Hungarian Grand Prix,281.662
0 days 00:05:41.677000,31.0,25.0,980.1,False,51.4,107,4.7,11,Hungarian Grand Prix,341.677
0 days 00:06:41.700000,30.4,25.9,980.2,False,52.1,125,2.4,11,Hungarian Grand Prix,401.7
0 days 00:07:41.702000,30.5,25.9,980.1,False,53.1,131,3.2,11,Hungarian Grand Prix,461.702
0 days 00:08:41.717999999,30.5,25.4,980.1,False,52.7,120,2.0,11,Hungarian Grand Prix,521.717999999
0 days 00:09:41.730000,30.6,25.5,980.1,False,52.9,139,3.2,11,Hungarian Grand Prix,581.73
0 days 00:10:41.743000,30.6,25.2,980.0,False,52.7,120,2.2,11,Hungarian Grand Prix,641.743
0 days 00:11:41.743000,30.6,25.2,980.1,False,52.3,145,4.3,11,Hungarian Grand Prix,701.743
0 days 00:12:41.741000,30.7,25.0,980.2,False,51.0,93,2.3,11,Hungarian Grand Prix,761.741
0 days 00:13:41.743000,30.7,25.1,980.1,False,51.7,130,1.7,11,Hungarian Grand Prix,821.743
0 days 00:14:41.743000,30.7,25.2,980.0,False,51.7,128,0.8,11,Hungarian Grand Prix,881.743
0 days 00:15:41.751000,30.7,25.5,980.0,False,52.8,134,2.0,11,Hungarian Grand Prix,941.751
0 days 00:16:41.755000,30.7,25.7,980.1,False,51.0,134,3.0,11,Hungarian Grand Prix,1001.755
0 days 00:17:41.805000,30.8,25.2,980.1,False,51.4,175,3.0,11,Hungarian Grand Prix,1061.805
0 days 00:18:41.834000,30.7,25.7,980.0,False,51.1,128,3.1,11,Hungarian Grand Prix,1121.834
0 days 00:19:41.853000,30.8,25.9,980.0,False,50.5,58,0.5,11,Hungarian Grand Prix,1181.853
0 days 00:20:41.883000,30.9,26.3,980.1,False,52.4,153,2.4,11,Hungarian Grand Prix,1241.883
0 days 00:21:41.882000,30.9,25.4,980.0,False,51.0,153,2.8,11,Hungarian Grand Prix,1301.882
0 days 00:22:41.883000,30.8,25.6,980.1,False,51.6,79,1.4,11,Hungarian Grand Prix,1361.883
0 days 00:23:41.883000,30.8,25.8,980.0,False,52.5,123,1.3,11,Hungarian Grand Prix,1421.883
0 days 00:24:41.902000,30.9,25.4,980.0,False,51.4,101,1.4,11,Hungarian Grand Prix,1481.902
0 days 00:25:41.930000,30.9,25.8,980.0,False,52.9,121,0.6,11,Hungarian Grand Prix,1541.93
0 days 00:26:41.932000,31.0,24.8,980.1,False,52.3,195,2.2,11,Hungarian Grand Prix,1601.932
0 days 00:27:41.937000,31.1,25.1,980.0,False,52.3,147,3.0,11,Hungarian Grand Prix,1661.937
0 days 00:28:41.925000,31.1,25.1,980.0,False,52.3,147,3.0,11,Hungarian Grand Prix,1721.925
0 days 00:29:41.935000,31.3,24.6,979.9,False,51.6,108,1.8,11,Hungarian Grand Prix,1781.935
0 days 00:30:41.933000,31.5,24.6,979.9,False,51.6,108,1.8,11,Hungarian Grand Prix,1841.933
0 days 00:31:41.933000,31.1,24.7,980.0,False,52.4,151,1.1,11,Hungarian Grand Prix,1901.933
0 days 00:32:41.935000,30.9,24.7,980.0,False,52.4,151,1.1,11,Hungarian Grand Prix,1961.935
0 days 00:33:41.936000,31.1,25.1,980.0,False,52.1,156,3.5,11,Hungarian Grand Prix,2021.936
0 days 00:34:41.946000,30.8,25.1,980.0,False,52.1,156,3.5,11,Hungarian Grand Prix,2081.946
0 days 00:35:41.949000,31.3,25.7,980.0,False,51.9,156,3.3,11,Hungarian Grand Prix,2141.949
0 days 00:36:41.936000,31.1,25.7,980.0,False,51.9,156,3.3,11,Hungarian Grand Prix,2201.936
0 days 00:37:41.959000,31.3,25.5,980.0,False,49.6,115,2.3,11,Hungarian Grand Prix,2261.959
0 days 00:38:41.978000,31.0,25.9,980.0,False,49.8,111,1.6,11,Hungarian Grand Prix,2321.978
0 days 00:39:41.987000,31.0,26.1,980.0,False,50.7,115,1.7,11,Hungarian Grand Prix,2381.987
0 days 00:40:41.980000,30.9,26.1,979.9,False,50.7,94,2.5,11,Hungarian Grand Prix,2441.98
0 days 00:41:41.987000,30.7,25.9,980.0,False,50.6,107,3.1,11,Hungarian Grand Prix,2501.987
0 days 00:42:42.012000,30.8,26.2,979.9,False,51.3,132,3.3,11,Hungarian Grand Prix,2562.012
0 days 00:43:42.008000,30.9,25.6,979.7,False,50.0,109,3.7,11,Hungarian Grand Prix,2622.008
0 days 00:44:42.029000,31.0,25.6,979.9,False,50.5,106,2.0,11,Hungarian Grand Prix,2682.029
0 days 00:45:42.036000,31.1,25.8,979.9,False,51.2,130,3.5,11,Hungarian Grand Prix,2742.036
0 days 00:46:42.016000,31.1,25.4,979.9,False,50.3,116,1.8,11,Hungarian Grand Prix,2802.016
0 days 00:47:42.041000,31.5,25.4,979.9,False,50.3,116,1.8,11,Hungarian Grand Prix,2862.041
0 days 00:48:42.055000,31.0,25.9,979.8,False,51.1,148,1.3,11,Hungarian Grand Prix,2922.055
0 days 00:49:42.069000,31.2,25.2,979.9,False,51.1,128,0.6,11,Hungarian Grand Prix,2982.069
0 days 00:50:42.071000,31.3,25.4,979.8,False,49.1,166,4.6,11,Hungarian Grand Prix,3042.071
0 days 00:51:42.070000,31.1,25.4,979.9,False,49.2,128,1.8,11,Hungarian Grand Prix,3102.07
0 days 00:52:42.082000,31.0,25.4,980.0,False,48.5,118,0.9,11,Hungarian Grand Prix,3162.082
0 days 00:53:42.114000,31.1,25.9,979.9,False,48.7,76,4.1,11,Hungarian Grand Prix,3222.114
0 days 00:54:42.120000,30.4,25.9,979.9,False,48.7,76,4.1,11,Hungarian Grand Prix,3282.12
0 days 00:55:42.117000,31.0,26.0,979.9,False,50.3,158,2.4,11,Hungarian Grand Prix,3342.117
0 days 00:56:42.155000,31.3,25.8,979.7,False,49.7,115,1.7,11,Hungarian Grand Prix,3402.155
0 days 00:57:42.157000,31.0,25.8,979.8,False,49.8,73,1.5,11,Hungarian Grand Prix,3462.157
0 days 00:58:42.159000,31.0,25.6,979.8,False,50.9,161,3.1,11,Hungarian Grand Prix,3522.159
0 days 01:00:42.160000,31.0,25.7,979.8,False,49.3,140,2.8,11,Hungarian Grand Prix,3642.16
0 days 01:01:42.165000,31.0,26.0,979.7,False,49.7,122,2.0,11,Hungarian Grand Prix,3702.165
0 days 01:02:42.156000,31.0,26.0,979.8,False,49.6,124,2.2,11,Hungarian Grand Prix,3762.156
0 days 01:03:42.158000,31.0,26.1,979.8,False,49.9,129,1.9,11,Hungarian Grand Prix,3822.158
0 days 01:04:42.169000,31.4,26.1,979.8,False,49.9,129,1.9,11,Hungarian Grand Prix,3882.169
0 days 01:05:42.164000,31.1,26.0,979.8,False,50.3,173,2.1,11,Hungarian Grand Prix,3942.164
0 days 01:06:42.173000,31.0,25.5,979.8,False,50.5,109,1.2,11,Hungarian Grand Prix,4002.173
0 days 01:07:42.190000,31.0,25.0,979.8,False,50.5,118,0.5,11,Hungarian Grand Prix,4062.19
0 days 01:08:42.218000,31.1,24.7,979.7,False,50.4,159,1.0,11,Hungarian Grand Prix,4122.218
0 days 01:09:42.212999999,31.1,25.5,979.6,False,50.8,158,2.0,11,Hungarian Grand Prix,4182.212999999
0 days 01:10:42.212999999,31.2,24.8,979.7,False,50.4,123,1.8,11,Hungarian Grand Prix,4242.212999999
0 days 01:11:42.212999999,31.2,25.1,979.7,False,50.5,166,3.2,11,Hungarian Grand Prix,4302.212999999
0 days 01:12:42.225999999,31.3,25.1,979.7,False,48.4,132,1.6,11,Hungarian Grand Prix,4362.225999999
0 days 01:13:42.226000,31.3,25.5,979.7,False,47.8,92,2.5,11,Hungarian Grand Prix,4422.226
0 days 01:14:42.265000,31.3,25.7,979.6,False,49.4,132,2.2,11,Hungarian Grand Prix,4482.265
0 days 01:15:42.258000,31.4,25.8,979.5,False,49.0,102,3.1,11,Hungarian Grand Prix,4542.258
0 days 01:16:42.262000,31.3,25.2,979.5,False,49.4,136,2.7,11,Hungarian Grand Prix,4602.262
0 days 01:17:42.254000,31.6,25.2,979.5,False,49.4,136,2.7,11,Hungarian Grand Prix,4662.254
0 days 01:18:42.268000,31.4,25.2,979.5,False,48.4,142,1.3,11,Hungarian Grand Prix,4722.268
0 days 01:19:42.268000,31.3,25.6,979.5,False,47.2,106,3.3,11,Hungarian Grand Prix,4782.268
0 days 01:20:42.283000,31.2,25.9,979.5,False,47.5,124,4.3,11,Hungarian Grand Prix,4842.283
0 days 01:21:42.287000,31.2,26.0,979.5,False,48.7,123,2.7,11,Hungarian Grand Prix,4902.287
0 days 01:22:42.302000,31.3,26.0,979.5,False,48.7,123,2.7,11,Hungarian Grand Prix,4962.302
0 days 01:23:42.314000,31.4,25.6,979.6,False,47.0,133,2.9,11,Hungarian Grand Prix,5022.314
0 days 01:24:42.339000,31.3,25.5,979.6,False,46.6,108,0.8,11,Hungarian Grand Prix,5082.339
0 days 01:25:42.338000,31.1,26.1,979.6,False,46.6,103,2.5,11,Hungarian Grand Prix,5142.338
0 days 01:26:42.354000,31.1,26.5,979.5,False,47.8,77,1.8,11,Hungarian Grand Prix,5202.354
0 days 01:27:42.357000,31.1,26.3,979.5,False,48.0,150,3.9,11,Hungarian Grand Prix,5262.357
0 days 01:28:42.351000,31.1,26.2,979.6,False,48.3,145,2.5,11,Hungarian Grand Prix,5322.351
0 days 01:29:42.353000,31.1,25.7,979.5,False,48.2,85,1.5,11,Hungarian Grand Prix,5382.353
0 days 01:30:42.368000,31.1,26.2,979.6,False,48.5,180,2.1,11,Hungarian Grand Prix,5442.368
0 days 01:31:42.398000,31.1,26.1,979.5,False,48.6,171,2.4,11,Hungarian Grand Prix,5502.398
0 days 01:32:42.409000,31.2,26.4,979.5,False,48.5,108,1.1,11,Hungarian Grand Prix,5562.409
0 days 01:33:42.399000,31.3,26.3,979.4,False,49.3,153,0.9,11,Hungarian Grand Prix,5622.399
0 days 01:34:42.394000,31.3,25.9,979.4,False,49.3,114,1.6,11,Hungarian Grand Prix,5682.394
0 days 01:35:42.395000,31.3,26.2,979.4,False,48.1,144,1.5,11,Hungarian Grand Prix,5742.395
0 days 01:36:42.400000,31.4,26.0,979.4,False,49.2,155,3.0,11,Hungarian Grand Prix,5802.4
0 days 01:37:42.416000,31.5,26.0,979.4,False,49.1,113,1.8,11,Hungarian Grand Prix,5862.416
0 days 01:38:42.439000,31.6,25.6,979.4,False,48.5,153,2.7,11,Hungarian Grand Prix,5922.439
0 days 01:39:42.441000,31.5,25.9,979.5,False,47.8,130,1.9,11,Hungarian Grand Prix,5982.441
0 days 01:40:42.441000,31.5,26.0,979.3,False,48.5,127,2.9,11,Hungarian Grand Prix,6042.441
0 days 01:41:42.435000,31.5,25.7,979.5,False,46.6,122,3.6,11,Hungarian Grand Prix,6102.435
0 days 01:42:42.436000,31.4,26.4,979.4,False,46.5,118,3.2,11,Hungarian Grand Prix,6162.436
0 days 01:43:42.441000,31.3,26.6,979.5,False,46.3,130,2.8,11,Hungarian Grand Prix,6222.441
0 days 01:44:42.447000,31.3,26.8,979.4,False,46.9,121,3.3,11,Hungarian Grand Prix,6282.447
0 days 01:45:42.458000,31.3,26.6,979.4,False,47.0,125,1.9,11,Hungarian Grand Prix,6342.458
